Rk,Player,Tm,FantPos,Age,G,GS,Cmp,Att,Yds,TD,Int,Att.1,Yds.1,Y/A,TD.1,Tgt,Rec,Yds.2,Y/R,TD.2,Fmb,FL,TD.3,2PM,2PP,FantPt,PPR,DKPt,FDPt,VBD,PosRank,OvRank
1,Daunte Culpepper*,MIN,QB,27,16,16,379,548,4717,39,11,88,406,4.61,2,0,0,0,,0,9,5,2,1,2,371,371.3,393.3,382.3,153,1,1
2,Shaun Alexander*,SEA,RB,27,16,16,0,0,0,0,0,353,1696,4.80,16,38,23,170,7.39,4,5,3,20,,,301,323.6,332.6,312.1,146,1,2
3,Peyton Manning*+,IND,QB,28,16,16,336,497,4557,49,10,25,38,1.52,0,0,0,0,,0,5,1,0,,,360,360.1,374.1,370.1,141,2,3
4,Tiki Barber*,NYG,RB,29,16,14,0,0,0,0,0,322,1518,4.71,13,79,52,578,11.12,2,5,2,15,,,296,347.6,355.6,321.6,141,2,4
5,LaDainian Tomlinson*+,SDG,RB,25,15,15,1,2,38,0,0,339,1335,3.94,17,66,53,441,8.32,1,6,2,18,,,283,336.1,344.1,309.6,129,3,5
6,Curtis Martin*+,NYJ,RB,31,16,16,0,0,0,0,0,371,1697,4.57,12,49,41,245,5.98,2,2,,14,,,278,319.2,325.2,298.7,124,4,6
7,Muhsin Muhammad*+,CAR,WR,31,16,16,0,0,0,0,0,3,15,5.00,0,160,93,1405,15.11,16,3,1,16,,,236,329.0,333.0,282.5,109,1,7
8,Antonio Gates*+,SDG,TE,24,15,15,0,0,0,0,0,0,0,,0,114,81,964,11.90,13,0,,13,,,174,255.4,258.4,214.9,105,1,8
9,Domanick Williams,HOU,RB,24,15,15,0,0,0,0,0,302,1188,3.93,13,84,68,588,8.65,1,4,3,14,,,256,323.6,332.6,289.6,101,5,9
10,Edgerrin James*,IND,RB,26,16,16,0,0,0,0,0,334,1548,4.63,9,60,51,483,9.47,0,6,2,9,1,,255,306.1,314.1,280.6,101,6,10
11,Tony Gonzalez*,KAN,TE,28,16,16,0,0,0,0,0,1,5,5.00,0,148,102,1258,12.33,7,0,,7,,,168,270.3,273.3,219.3,99,2,11
12,Corey Dillon*,NWE,RB,30,15,14,0,0,0,0,0,345,1635,4.74,12,21,15,103,6.87,1,5,4,13,1,,246,260.8,270.8,253.3,92,7,12
13,Joe Horn*,NOR,WR,32,16,16,0,0,0,0,0,0,0,,0,153,94,1399,14.88,11,0,,11,1,,208,301.9,304.9,254.9,81,2,13
14,Javon Walker*,GNB,WR,26,16,12,0,0,0,0,0,0,0,,0,144,89,1382,15.53,12,2,2,12,,,206,295.2,300.2,250.7,79,3,14
15,Terrell Owens*+,PHI,WR,31,14,14,0,0,0,0,0,3,-5,-1.67,0,127,77,1200,15.58,14,2,1,14,,,202,278.5,282.5,240.0,74,4,15
16,Donovan McNabb*,PHI,QB,28,15,15,300,469,3875,31,8,41,220,5.37,3,0,0,0,,0,8,6,3,,,291,291.0,311.0,299.0,72,3,16
17,Marvin Harrison*,IND,WR,32,16,16,0,0,0,0,0,0,0,,0,139,86,1113,12.94,15,1,1,15,,,199,285.3,289.3,242.3,72,5,17
18,Torry Holt*,STL,WR,28,16,16,0,0,0,0,0,0,0,,0,135,94,1372,14.60,10,3,,10,,,197,291.2,294.2,244.2,70,6,18
19,Drew Bennett,TEN,WR,26,16,16,1,1,26,1,0,1,12,12.00,0,144,80,1247,15.59,11,3,,11,,,197,276.9,279.9,236.9,70,7,19
20,Reggie Wayne,IND,WR,26,16,16,0,0,0,0,0,1,-4,-4.00,0,115,77,1210,15.71,12,0,,12,,,193,269.6,272.6,231.1,65,8,20
21,Jason Witten*,DAL,TE,22,16,15,0,0,0,0,0,0,0,,0,122,87,980,11.26,6,2,1,6,1,,134,221.0,225.0,177.5,65,3,21
22,Rudi Johnson*,CIN,RB,25,16,16,0,0,0,0,0,361,1454,4.03,12,28,15,84,5.60,0,4,4,12,,,218,232.8,239.8,225.3,64,8,22
23,Chad Johnson*,CIN,WR,26,16,16,0,0,0,0,0,4,39,9.75,0,170,95,1274,13.41,9,1,,9,,,185,280.3,283.3,232.8,58,9,23
24,Willis McGahee,BUF,RB,23,16,11,0,0,0,0,0,284,1128,3.97,13,36,22,169,7.68,0,4,2,13,,,204,225.7,233.7,214.7,50,9,24
25,Brian Westbrook*,PHI,RB,25,13,12,0,0,0,0,0,177,812,4.59,3,87,73,703,9.63,6,1,1,9,,,204,276.5,283.5,240.0,49,10,25
26,Donald Driver,GNB,WR,29,16,11,0,0,0,0,0,3,4,1.33,0,137,84,1208,14.38,9,2,2,9,1,,173,257.2,262.2,215.2,46,10,26
27,Alge Crumpler*,ATL,TE,27,14,14,0,0,0,0,0,0,0,,0,74,48,774,16.13,6,1,1,6,,,111,159.4,163.4,135.4,42,4,27
28,Trent Green,KAN,QB,34,16,16,369,556,4591,27,17,25,85,3.40,0,0,0,0,,0,11,4,0,,1,260,260.1,284.1,277.1,41,4,28
29,Clinton Portis,WAS,RB,23,15,15,1,2,15,1,0,343,1315,3.83,5,57,40,235,5.88,2,5,3,7,,,196,235.6,244.6,215.6,41,11,29
30,Priest Holmes,KAN,RB,31,8,8,0,0,0,0,0,196,892,4.55,14,25,19,187,9.84,1,4,2,15,,,194,212.9,220.9,203.4,40,12,30
31,Nate Burleson,MIN,WR,23,16,15,0,0,0,0,0,6,49,8.17,0,102,68,1006,14.79,9,1,,10,1,,168,235.5,238.5,201.5,40,11,31
32,Brandon Stokley,IND,WR,28,16,3,0,0,0,0,0,0,0,,0,102,68,1077,15.84,10,1,1,10,,,166,233.7,237.7,199.7,38,12,32
33,Jake Plummer,DEN,QB,30,16,16,303,521,4089,27,20,62,202,3.26,1,0,0,0,,0,6,1,1,,,256,255.8,282.8,275.8,37,5,33
34,Michael Clayton,TAM,WR,22,16,13,0,0,0,0,0,5,30,6.00,0,122,80,1193,14.91,7,1,,7,,,164,244.3,247.3,204.3,37,13,34
35,Brett Favre,GNB,QB,35,16,16,346,540,4088,30,17,16,36,2.25,0,0,0,0,,0,4,1,0,,2,255,255.1,276.1,272.1,36,6,35
36,Warrick Dunn,ATL,RB,29,16,16,0,0,0,0,0,265,1106,4.17,9,39,29,294,10.14,0,3,2,9,,,190,219.0,227.0,204.5,36,14,36
37,Reuben Droughns,DEN,RB,26,16,15,0,0,0,0,0,275,1240,4.51,6,44,32,241,7.53,2,5,3,8,,,190,222.1,231.1,206.1,36,13,37
38,Randy McMichael,MIA,TE,25,16,16,0,0,0,0,0,0,0,,0,118,73,791,10.84,4,2,,4,1,,105,178.1,181.1,141.6,36,5,38
39,Darrell Jackson,SEA,WR,26,16,16,0,0,0,0,0,0,0,,0,156,87,1199,13.78,7,2,1,7,1,,162,248.9,252.9,205.4,35,14,39
40,Ahman Green*,GNB,RB,27,15,15,1,1,20,1,0,259,1163,4.49,7,51,40,275,6.88,1,7,4,8,,,189,228.6,238.6,208.6,34,15,40
41,Eddie Kennison,KAN,WR,31,14,14,0,0,0,0,0,2,15,7.50,0,106,62,1086,17.52,8,1,,8,1,,160,222.1,225.1,191.1,33,15,41
42,Jeremy Shockey,NYG,TE,24,15,15,0,0,0,0,0,0,0,,0,97,61,666,10.92,6,1,,6,,,103,163.6,166.6,133.1,33,6,42
43,Rod Smith,DEN,WR,34,16,16,0,0,0,0,0,5,33,6.60,0,136,79,1144,14.48,7,4,,7,,,160,238.7,241.7,199.2,32,16,43
44,Derrick Mason,TEN,WR,30,16,16,0,0,0,0,0,1,-3,-3.00,0,158,96,1168,12.17,7,2,,7,,,159,254.5,257.5,206.5,31,17,44
45,Jake Delhomme,CAR,QB,29,16,16,310,533,3886,29,15,25,71,2.84,1,0,0,0,,0,12,5,1,,2,249,248.5,271.5,263.5,30,7,45
46,Isaac Bruce,STL,WR,32,16,16,0,2,0,0,0,0,0,,0,148,89,1292,14.52,6,5,4,6,,,157,246.2,253.2,201.7,30,18,46
47,Jerome Bettis*,PIT,RB,32,15,6,1,1,10,1,0,250,941,3.76,13,8,6,46,7.67,0,1,,13,,,181,187.1,190.1,184.1,27,16,47
48,Michael Pittman,TAM,RB,29,13,13,0,0,0,0,0,219,926,4.23,7,65,41,391,9.54,3,6,6,10,,,180,220.7,232.7,200.2,26,17,48
49,Aaron Brooks,NOR,QB,28,16,16,309,542,3810,21,16,58,173,2.98,4,1,1,1,1.00,0,13,2,4,,1,244,244.8,268.8,260.3,25,8,49
50,Randy Moss,MIN,WR,27,13,13,1,2,37,0,1,0,0,,0,86,49,767,15.65,13,1,1,13,,,152,201.2,206.2,177.7,25,19,50
51,Jermaine Wiggins,MIN,TE,29,14,13,0,0,0,0,0,0,0,,0,92,71,705,9.93,4,1,,4,,,95,165.5,168.5,130.0,25,7,51
52,Ashley Lelie,DEN,WR,24,16,16,0,0,0,0,0,3,5,1.67,0,101,54,1084,20.07,7,0,,7,,,151,204.9,207.9,177.9,24,21,52
53,Jimmy Smith,JAX,WR,35,16,16,0,0,0,0,0,0,0,,0,137,74,1172,15.84,6,2,1,6,,,151,225.2,229.2,188.2,24,20,53
54,Thomas Jones,CHI,RB,26,14,14,0,0,0,0,0,240,948,3.95,7,72,56,427,7.63,0,2,1,7,,,178,233.5,240.5,205.5,23,18,54
55,Eric Johnson,SFO,TE,25,16,14,0,0,0,0,0,0,0,,0,117,82,825,10.06,2,1,1,2,,,93,174.5,178.5,133.5,23,8,55
56,Drew Brees*,SDG,QB,25,15,15,262,400,3159,27,7,53,85,1.60,2,1,1,38,38.00,0,7,2,2,,,241,241.7,253.7,248.2,22,9,56
57,Deuce McAllister,NOR,RB,26,14,14,0,0,0,0,0,269,1074,3.99,9,48,34,228,6.71,0,5,4,9,,,176,210.2,220.2,193.2,22,19,57
58,Andre Johnson*,HOU,WR,23,16,16,0,0,0,0,0,4,12,3.00,0,138,79,1142,14.46,6,1,1,6,,,149,228.4,232.4,188.9,22,22,58
59,Jerry Porter,OAK,WR,26,16,16,0,0,0,0,0,1,-4,-4.00,0,136,64,998,15.59,9,2,2,9,,,149,213.4,218.4,181.4,22,23,59
60,Marc Bulger,STL,QB,27,14,14,321,485,3964,21,14,19,89,4.68,3,0,0,0,,0,5,4,3,,1,235,235.5,256.5,249.5,17,10,60
61,Fred Taylor,JAX,RB,28,14,14,0,0,0,0,0,260,1224,4.71,2,58,36,345,9.58,1,3,2,3,,,171,206.9,214.9,188.9,17,20,61
62,Lee Evans,BUF,WR,23,16,11,0,0,0,0,0,5,85,17.00,0,74,48,843,17.56,9,1,1,9,,,145,192.8,196.8,168.8,17,24,62
63,Chris Chambers,MIA,WR,26,15,15,0,0,0,0,0,9,76,8.44,0,140,69,898,13.01,7,1,1,7,1,,139,208.4,212.4,173.9,12,25,63
64,Kevin Jones,DET,RB,22,15,14,0,0,0,0,0,241,1133,4.70,5,41,28,180,6.43,1,2,1,6,,,165,193.3,200.3,179.3,11,21,64
65,Daniel Graham,NWE,TE,26,14,14,0,0,0,0,0,0,0,,0,48,30,364,12.13,7,0,,7,,,78,108.4,111.4,93.4,9,9,65
66,Bubba Franks,GNB,TE,26,16,14,0,0,0,0,0,0,0,,0,50,34,361,10.62,7,0,,7,,,78,112.1,115.1,95.1,9,10,66
67,Tom Brady*,NWE,QB,27,16,16,288,474,3692,28,14,43,28,0.65,0,0,0,0,,0,7,4,0,,,226,226.5,247.5,240.5,8,11,67
68,Nick Goings,CAR,RB,26,16,8,0,0,0,0,0,217,821,3.78,6,61,45,394,8.76,1,1,1,7,,,162,206.5,213.5,184.0,7,22,68
69,Emmitt Smith,ARI,RB,35,15,15,1,1,21,1,0,267,937,3.51,9,20,15,105,7.00,0,4,1,9,,,161,176.0,183.0,168.5,7,23,69
70,Eric Moulds,BUF,WR,31,16,16,0,0,0,0,0,5,19,3.80,0,152,88,1043,11.85,5,1,1,5,,,134,222.2,226.2,178.2,7,26,70
71,Hines Ward*,PIT,WR,28,16,16,0,0,0,0,0,7,25,3.57,1,108,80,1004,12.55,4,1,,5,,,133,212.9,215.9,172.9,6,27,71
72,Keyshawn Johnson,DAL,WR,32,16,16,0,2,0,0,1,2,13,6.50,0,124,70,981,14.01,6,1,1,6,,,131,201.4,206.4,167.4,4,28,72
73,Dallas Clark,IND,TE,25,15,13,0,0,0,0,0,0,0,,0,39,25,423,16.92,5,2,1,5,,,70,95.3,99.3,82.8,1,11,73
74,Michael Vick*,ATL,QB,24,15,15,181,321,2313,14,12,120,902,7.52,3,0,0,0,,0,16,7,3,,,219,218.7,243.7,230.7,,12,74
75,Matt Hasselbeck,SEA,QB,29,14,14,279,474,3382,22,15,27,90,3.33,1,0,0,0,,0,5,2,1,,2,208,208.3,228.3,223.3,,13,75
76,David Carr,HOU,QB,25,16,16,285,466,3531,16,14,73,299,4.10,0,0,0,0,,0,10,3,0,,,201,201.1,224.1,215.1,,14,76
77,Joey Harrington,DET,QB,26,16,16,274,489,3047,19,12,48,175,3.65,0,0,0,0,,0,6,3,0,,1,187,187.4,208.4,199.4,,15,77
78,Byron Leftwich,JAX,QB,24,14,14,267,441,2941,15,10,39,148,3.79,2,1,1,-7,-7.00,0,5,3,2,,4,186,186.7,205.7,196.2,,16,78
79,Kerry Collins,OAK,QB,32,14,13,289,513,3495,21,20,16,36,2.25,0,0,0,0,,0,7,3,0,,,181,181.4,207.4,201.4,,17,
80,Vinny Testaverde,DAL,QB,41,16,15,297,495,3532,17,20,21,38,1.81,1,0,0,0,,0,8,3,1,,1,175,175.1,201.1,195.1,,18,
81,Chad Pennington,NYJ,QB,28,13,13,242,370,2673,16,9,34,126,3.71,1,0,0,0,,0,5,2,1,,,168,167.5,184.5,176.5,,19,
82,Ben Roethlisberger,PIT,QB,22,14,13,196,295,2621,17,11,56,144,2.57,1,0,0,0,,0,2,2,1,,,167,167.2,186.2,178.2,,20,
83,Drew Bledsoe,BUF,QB,32,16,16,256,450,2932,20,16,22,37,1.68,0,0,0,0,,0,9,5,0,,,159,159.0,183.0,175.0,,21,
84,Carson Palmer,CIN,QB,25,13,13,263,432,2897,18,18,18,47,2.61,1,0,0,0,,0,2,2,1,,,159,158.6,181.6,176.6,,22,
85,Billy Volek,TEN,QB,28,10,8,218,357,2486,18,10,11,50,4.55,1,1,1,0,0.00,0,6,2,1,,,158,159.4,174.4,168.9,,23,
86,Brian Griese,TAM,QB,29,11,10,233,336,2632,20,12,30,17,0.57,0,1,1,-4,-4.00,0,6,4,0,,,155,155.6,174.6,167.1,,24,
87,Jamal Lewis,BAL,RB,25,12,12,0,0,0,0,0,235,1006,4.28,7,12,10,116,11.60,0,2,,7,,,154,164.2,170.2,159.2,,24,
88,Larry Johnson,KAN,RB,25,10,3,0,0,0,0,0,120,581,4.84,9,29,22,278,12.64,2,0,,11,,,152,173.9,179.9,162.9,,25,
89,Chris Brown,TEN,RB,23,11,11,0,0,0,0,0,220,1067,4.85,6,33,20,147,7.35,0,6,4,6,,,149,169.4,179.4,159.4,,26,
90,Kyle Boller,BAL,QB,23,16,16,258,464,2559,13,11,53,189,3.57,1,0,0,0,,0,11,7,1,,1,145,145.3,169.3,156.3,,25,
91,Kevan Barlow,SFO,RB,25,15,14,0,0,0,0,0,244,822,3.37,7,45,35,212,6.06,0,2,2,7,,,141,176.4,184.4,158.9,,27,
92,Josh McCown,ARI,QB,25,14,13,233,408,2511,11,10,36,112,3.11,2,1,1,-5,-5.00,0,12,5,2,1,,139,140.1,161.1,149.6,,26,
93,Marshall Faulk,STL,RB,31,14,14,0,0,0,0,0,195,774,3.97,3,65,50,310,6.20,1,2,1,4,2,,134,184.4,191.4,159.4,,28,
94,Derrick Blaylock,KAN,RB,25,12,5,0,0,0,0,0,118,539,4.57,8,36,25,246,9.84,1,0,,9,,,133,157.5,163.5,145.0,,29,
95,Julius Jones,DAL,RB,23,8,7,0,0,0,0,0,197,819,4.16,7,26,17,109,6.41,0,3,3,7,,,129,145.8,154.8,137.3,,30,
96,Roy Williams,DET,WR,23,14,12,0,1,0,0,0,1,1,1.00,0,118,54,817,15.13,8,1,1,8,,,128,181.8,185.8,154.8,,29,
97,Larry Fitzgerald,ARI,WR,21,16,16,0,0,0,0,0,8,14,1.75,0,115,58,780,13.45,8,1,,8,,,127,185.4,188.4,156.4,,30,
98,T.J. Houshmandzadeh,CIN,WR,27,16,13,0,0,0,0,0,6,51,8.50,0,108,73,978,13.40,4,0,,4,,,127,199.9,202.9,163.4,,31,
99,David Patten,NWE,WR,30,16,11,0,0,0,0,0,1,5,5.00,0,95,44,800,18.18,7,0,,7,,,123,166.5,169.5,144.5,,32,
100,Onterrio Smith,MIN,RB,24,11,6,0,0,0,0,0,124,544,4.39,2,45,36,394,10.94,2,2,1,4,1,,118,153.8,160.8,135.8,,31,
101,Santana Moss,NYJ,WR,25,15,14,0,0,0,0,0,6,18,3.00,0,78,45,838,18.62,5,2,,5,,,116,160.6,163.6,138.1,,33,
102,Marcus Robinson,MIN,WR,29,16,7,0,0,0,0,0,0,0,,0,79,47,657,13.98,8,1,,8,,,114,160.7,163.7,137.2,,34,
103,Steven Jackson,STL,RB,21,14,3,0,0,0,0,0,134,673,5.02,4,24,19,189,9.95,0,1,1,4,1,,110,129.2,136.2,119.7,,32,
104,Donte' Stallworth,NOR,WR,24,16,10,0,0,0,0,0,6,37,6.17,0,106,58,767,13.22,5,0,,5,,,110,168.4,171.4,139.4,,35,
105,Jeff Garcia,CLE,QB,34,11,10,144,252,1731,10,9,35,169,4.83,2,0,0,0,,0,9,7,2,,,106,106.1,128.1,115.1,,28,
106,Tim Rattay,SFO,QB,27,9,9,198,325,2169,10,10,12,55,4.58,0,0,0,0,,0,11,6,0,1,2,106,106.3,125.3,116.3,,27,
107,Keary Colbert,CAR,WR,22,15,15,0,0,0,0,0,0,0,,0,92,47,754,16.04,5,1,1,5,1,,105,152.4,156.4,128.9,,36,
108,David Givens,NWE,WR,24,15,12,0,0,0,0,0,0,0,,0,106,56,874,15.61,3,0,,3,,,105,161.4,164.4,133.4,,37,
109,Ronald Curry,OAK,WR,25,12,3,0,1,0,0,0,1,-3,-3.00,0,70,50,679,13.58,6,1,,6,,,104,153.6,156.6,128.6,,38,
110,Lee Suggs,CLE,RB,24,10,3,0,0,0,0,0,199,744,3.74,2,36,20,178,8.90,1,6,3,3,,,104,124.2,133.2,114.2,,33,
111,Antonio Bryant,2TM,WR,23,15,8,0,0,0,0,0,0,0,,0,99,58,812,14.00,4,1,1,4,,,103,161.2,165.2,132.2,,39,
112,Justin McCareins,NYJ,WR,26,16,16,0,0,0,0,0,2,-5,-2.50,0,90,56,770,13.75,4,3,,4,,,101,156.5,159.5,128.5,,40,
113,Sammy Morris,MIA,RB,27,13,8,0,0,0,0,0,132,523,3.96,6,28,22,124,5.64,0,1,,6,,,101,122.7,128.7,111.7,,34,
114,Plaxico Burress,PIT,WR,27,11,11,0,0,0,0,0,0,0,,0,59,35,698,19.94,5,1,,5,,,100,134.8,137.8,117.3,,41,
115,Johnnie Morton,KAN,WR,33,13,12,0,0,0,0,0,7,43,6.14,0,79,55,795,14.45,3,2,1,3,,,100,154.8,158.8,127.3,,42,
116,Chester Taylor,BAL,RB,25,16,4,0,0,0,0,0,160,714,4.46,2,38,30,184,6.13,0,1,1,2,,,100,129.8,136.8,114.8,,35,
117,Laveranues Coles,WAS,WR,27,16,16,0,0,0,0,0,3,-3,-1.00,0,168,90,950,10.56,1,1,1,1,,,99,188.7,192.7,143.7,,43,
118,Kurt Warner,NYG,QB,33,10,9,174,277,2054,6,4,13,30,2.31,1,0,0,0,,0,12,4,1,,,99,99.2,110.2,103.2,,29,
119,T.J. Duckett,ATL,RB,23,13,0,0,0,0,0,0,104,509,4.89,8,3,3,15,5.00,0,2,2,8,,,96,99.4,104.4,97.9,,36,
120,Rod Gardner,WAS,WR,27,16,14,0,3,0,0,0,3,7,2.33,0,106,51,650,12.75,5,0,,5,,,96,146.7,149.7,121.2,,45,
121,Eric Parker,SDG,WR,25,15,13,0,0,0,0,0,4,53,13.25,0,71,47,690,14.68,4,5,1,4,,,96,143.3,147.3,119.8,,44,
122,Brandon Lloyd,SFO,WR,23,13,13,0,0,0,0,0,0,0,,0,89,43,565,13.14,6,0,,6,1,,95,137.5,140.5,116.0,,46,
123,Dennis Northcutt,CLE,WR,27,16,11,0,0,0,0,0,8,19,2.38,0,94,55,806,14.65,2,2,1,2,,,93,147.5,151.5,120.0,,47,
124,A.J. Feeley,MIA,QB,27,11,8,191,356,1893,11,15,14,13,0.93,1,0,0,0,,0,10,5,1,,2,91,91.0,114.0,106.0,,30,
125,Duce Staley,PIT,RB,29,10,10,0,0,0,0,0,192,830,4.32,1,12,6,55,9.17,0,3,2,1,,,91,96.5,101.5,93.5,,37,
126,Antowain Smith,TEN,RB,32,13,4,0,0,0,0,0,137,509,3.72,4,26,22,169,7.68,0,2,1,4,,,90,111.8,118.8,100.8,,38,
127,Amos Zereoue,OAK,RB,28,15,6,0,0,0,0,0,112,425,3.79,3,48,39,284,7.28,0,1,1,3,,,87,125.9,132.9,106.4,,39,
128,Patrick Ramsey,WAS,QB,25,9,7,169,272,1665,10,11,10,19,1.90,0,0,0,0,,0,6,1,0,,,85,84.5,99.5,95.5,,31,
129,Steve McNair,TEN,QB,31,8,8,129,215,1343,8,9,23,128,5.57,1,0,0,0,,0,5,3,1,1,,83,82.5,100.5,91.5,,32,
130,Cedrick Wilson,SFO,WR,26,15,15,0,0,0,0,0,1,6,6.00,0,85,47,641,13.64,3,0,,3,,,83,129.7,132.7,106.2,,48,
131,Antwaan Randle El,PIT,WR,25,16,7,1,1,10,1,0,8,34,4.25,0,63,43,601,13.98,3,5,2,3,,,82,124.9,129.9,103.4,,49,
132,Joey Galloway,TAM,WR,33,10,7,0,0,0,0,0,2,19,9.50,0,53,33,416,12.61,5,3,,6,,,80,112.5,115.5,96.0,,51,
133,Peerless Price,ATL,WR,28,16,15,1,1,25,0,0,3,34,11.33,0,106,45,575,12.78,3,0,,3,,,80,124.9,127.9,102.4,,50,
134,Jabar Gaffney,HOU,WR,24,16,12,0,3,0,0,0,4,30,7.50,0,68,41,632,15.41,2,1,,2,,,78,119.2,122.2,98.7,,52,
135,William Green,CLE,RB,25,15,13,0,0,0,0,0,163,585,3.59,2,22,14,84,6.00,0,3,2,2,,,75,88.9,93.9,81.9,,40,
136,David Terrell,CHI,WR,25,16,15,0,0,0,0,0,3,10,3.33,0,90,42,699,16.64,1,1,1,1,,,75,116.9,120.9,95.9,,53,
137,Eddie George,DAL,RB,31,13,8,0,0,0,0,0,132,432,3.27,4,13,9,83,9.22,0,3,1,4,,,74,82.5,86.5,78.0,,42,
138,Dorsey Levens,PHI,RB,34,15,5,0,0,0,0,0,94,410,4.36,4,14,9,92,10.22,0,0,,4,,,74,83.2,86.2,78.7,,41,
139,Todd Pinkston,PHI,WR,27,16,16,0,0,0,0,0,0,0,,0,63,36,676,18.78,1,0,,1,,,74,109.6,112.6,91.6,,54,
140,Amani Toomer,NYG,WR,30,15,14,0,0,0,0,0,0,0,,0,107,51,747,14.65,0,1,1,0,,,73,123.7,127.7,98.2,,55,
141,Marty Booker,MIA,WR,28,15,15,1,1,48,0,0,1,-8,-8.00,0,105,50,638,12.76,1,0,,1,,,71,120.9,123.9,95.9,,57,
142,Az-Zahir Hakim,DET,WR,27,12,5,0,0,0,0,0,1,0,0.00,0,57,31,533,17.19,3,0,,3,,,71,102.3,105.3,86.8,,56,
143,LaMont Jordan,NYJ,RB,26,16,0,0,1,0,0,1,93,479,5.15,2,16,15,112,7.47,0,1,,2,,,69,84.1,91.1,77.6,,43,
144,Jeb Putzier,DEN,TE,25,16,5,0,0,0,0,0,0,0,,0,54,36,572,15.89,2,0,,2,,,69,105.2,108.2,87.2,,12,
145,L.J. Smith,PHI,TE,24,16,8,0,0,0,0,0,0,0,,0,54,34,377,11.09,5,0,,5,,,68,101.7,104.7,84.7,,13,
146,Jonathan Wells,HOU,RB,25,16,1,0,0,0,0,0,82,299,3.65,3,16,11,79,7.18,2,1,1,5,1,,68,78.8,82.8,73.3,,44,
147,Anquan Boldin,ARI,WR,24,10,9,0,0,0,0,0,1,3,3.00,0,104,56,623,11.13,1,1,1,1,,,67,122.6,126.6,94.6,,59,
148,Deion Branch,NWE,WR,25,9,9,0,0,0,0,0,0,0,,0,51,35,454,12.97,4,1,1,4,,,67,102.4,106.4,84.9,,58,
149,Chris Cooley,WAS,TE,22,16,9,0,0,0,0,0,0,0,,0,63,37,314,8.49,6,0,,6,,,67,104.4,107.4,85.9,,14,
150,Marcus Pollard,IND,TE,32,13,13,0,0,0,0,0,0,0,,0,41,29,309,10.66,6,0,,6,,,67,95.9,98.9,81.4,,15,
151,Mark Brunell,WAS,QB,34,9,9,118,237,1194,7,6,19,62,3.26,0,0,0,0,,0,6,3,0,,1,66,66.0,78.0,72.0,,33,
152,Kevin Faulk,NWE,RB,28,11,1,0,0,0,0,0,54,255,4.72,2,30,26,248,9.54,1,2,1,3,,,66,92.3,99.3,79.3,,46,
153,Tony Fisher,GNB,RB,25,16,0,1,1,8,1,0,65,224,3.45,0,44,38,277,7.29,2,1,,2,,,66,104.4,110.4,85.4,,45,
154,Tyrone Wheatley,OAK,RB,32,8,7,0,0,0,0,0,85,327,3.85,4,15,15,78,5.20,0,0,,4,,,65,79.5,82.5,72.0,,47,
155,Tatum Bell,DEN,RB,23,14,0,0,0,0,0,0,75,396,5.28,3,7,5,80,16.00,0,1,1,3,,,64,68.6,72.6,66.1,,49,
156,Doug Gabriel,OAK,WR,24,16,5,0,0,0,0,0,2,7,3.50,0,79,33,551,16.70,2,2,2,2,,,64,96.8,101.8,80.3,,60,
157,Travis Minor,MIA,RB,25,11,4,0,0,0,0,0,109,388,3.56,3,27,13,75,5.77,0,0,,3,,,64,77.3,80.3,70.8,,48,
158,Anthony Thomas,CHI,RB,27,12,2,0,0,0,0,0,122,404,3.31,2,23,17,132,7.76,0,1,1,2,,,64,80.6,87.6,72.1,,50,
159,Shaun McDonald,STL,WR,23,16,0,0,0,0,0,0,4,0,0.00,0,68,37,494,13.35,3,4,2,3,,,63,100.4,105.4,81.9,,61,
160,Moe Williams,MIN,RB,30,14,1,0,0,0,0,0,30,161,5.37,3,27,21,233,11.10,1,0,,4,,,63,84.4,90.4,73.9,,51,
161,Mewelde Moore,MIN,RB,22,10,3,0,1,0,0,0,65,379,5.83,0,32,27,238,8.81,0,0,,0,,,62,88.7,94.7,75.2,,52,
162,Jerome Pathon,NOR,WR,29,15,7,0,0,0,0,0,0,0,,0,67,34,581,17.09,1,1,1,1,,,62,96.1,100.1,79.1,,62,
163,Koren Robinson,SEA,WR,24,10,8,0,0,0,0,0,1,3,3.00,0,67,31,495,15.97,2,0,,2,,,62,92.8,95.8,77.3,,63,
164,Jerry Rice,2TM,WR,42,17,14,0,0,0,0,0,0,0,,0,64,30,429,14.30,3,0,,3,,,61,90.9,93.9,75.9,,64,
165,Michael Bennett,MIN,RB,26,11,7,0,0,0,0,0,70,276,3.94,1,23,21,207,9.86,1,1,,2,,,60,81.3,87.3,70.8,,53,
166,Curtis Conway,SFO,WR,33,16,5,0,0,0,0,0,0,0,,0,75,38,403,10.61,3,0,,3,1,,60,98.3,101.3,79.3,,65,
167,Bobby Engram,SEA,WR,31,13,7,0,0,0,0,0,0,0,,0,53,36,499,13.86,2,1,1,2,,,60,95.9,99.9,77.9,,66,
168,Derrius Thompson,MIA,WR,27,16,3,0,0,0,0,0,0,0,,0,48,23,359,15.61,4,0,,4,,,60,82.9,85.9,71.4,,67,
169,Jesse Chatman,SDG,RB,25,15,0,0,0,0,0,0,65,392,6.03,3,2,2,17,8.50,0,1,,3,,,59,60.9,63.9,59.9,,54,
170,Steve Heiden,CLE,TE,28,13,13,0,0,0,0,0,0,0,,0,42,28,287,10.25,5,1,1,5,1,,59,86.7,90.7,72.7,,16,
171,Bryant Johnson,ARI,WR,23,16,11,0,0,0,0,0,2,-6,-3.00,0,102,49,537,10.96,1,1,,1,,,59,108.1,111.1,83.6,,68,
172,Quincy Morgan,2TM,WR,27,15,12,0,0,0,0,0,2,23,11.50,0,68,31,404,13.03,3,1,1,3,,,59,89.7,93.7,74.2,,69,
173,Corey Bradford,HOU,WR,29,15,10,0,0,0,0,0,0,0,,0,54,27,399,14.78,3,0,,3,,,58,84.9,87.9,71.4,,70,
174,Maurice Hicks,SFO,RB,26,9,2,0,0,0,0,0,96,362,3.77,2,25,16,154,9.63,0,3,3,2,,,58,73.6,82.6,65.6,,56,
175,Aaron Stecker,NOR,RB,29,16,3,0,0,0,0,0,58,244,4.21,2,38,29,174,6.00,0,1,1,3,,,58,86.8,93.8,72.3,,55,
176,Shawn Bryson,DET,RB,28,16,1,0,0,0,0,0,50,264,5.28,0,57,44,322,7.32,0,1,1,0,,,57,100.6,107.6,78.6,,57,
177,Kevin Curtis,STL,WR,26,15,0,0,0,0,0,0,3,24,8.00,0,50,32,421,13.16,2,1,1,2,1,,57,88.5,92.5,72.5,,71,
178,Jay Fiedler,MIA,QB,33,8,7,101,190,1186,7,8,12,59,4.92,0,0,0,0,,0,9,4,0,,,57,57.3,72.3,65.3,,34,
179,Troy Edwards,JAX,WR,27,16,4,0,0,0,0,0,2,2,1.00,0,80,50,533,10.66,1,3,2,1,,,56,105.5,110.5,80.5,,73,
180,Kelley Washington,CIN,WR,25,16,2,0,0,0,0,0,1,-1,-1.00,0,50,31,378,12.19,3,0,,3,,,56,86.7,89.7,71.2,,72,
181,Ken Dilger,TAM,TE,33,16,14,0,0,0,0,0,0,0,,0,55,39,345,8.85,3,0,,3,1,,55,93.5,96.5,74.0,,19,
182,Freddie Jones,ARI,TE,30,16,15,0,0,0,0,0,0,0,,0,74,45,426,9.47,2,0,,2,,,55,99.6,102.6,77.1,,18,
183,Clarence Moore,BAL,WR,22,15,6,0,0,0,0,0,0,0,,0,58,24,293,12.21,4,0,,4,1,,55,79.3,82.3,67.3,,74,
184,Jerramy Stevens,SEA,TE,25,16,5,0,0,0,0,0,0,0,,0,47,31,349,11.26,3,0,,3,1,,55,85.9,88.9,70.4,,17,
185,Richie Anderson,DAL,FB,33,12,4,1,1,26,1,0,57,246,4.32,1,41,26,207,7.96,0,1,1,1,,,54,80.3,87.3,67.3,,58,
186,Ladell Betts,WAS,RB,25,16,1,0,0,0,0,0,90,371,4.12,1,25,15,108,7.20,0,0,,1,,,54,68.9,74.9,61.4,,59,
187,Reche Caldwell,SDG,WR,25,6,6,0,0,0,0,0,4,45,11.25,0,29,18,310,17.22,3,1,,3,,,54,71.5,74.5,62.5,,76,
188,Bobby Wade,CHI,WR,23,16,14,0,0,0,0,0,12,76,6.33,0,89,42,481,11.45,0,2,1,0,,,54,95.7,99.7,74.7,,75,
189,Obafemi Ayanbadejo,ARI,FB,29,16,5,0,0,0,0,0,30,122,4.07,3,25,19,171,9.00,1,1,,4,,,53,72.3,78.3,62.8,,61,
190,Andre' Davis,CLE,WR,25,7,7,0,0,0,0,0,1,-3,-3.00,0,35,16,416,26.00,2,0,,2,,,53,69.3,72.3,61.3,,77,
191,Verron Haynes,PIT,RB,25,13,0,0,0,0,0,0,55,272,4.95,0,23,18,142,7.89,2,0,,2,,,53,71.4,77.4,62.4,,60,
192,Brad Hoover,CAR,FB,28,14,9,0,0,0,0,0,68,246,3.62,0,32,21,161,7.67,2,0,,2,,,53,73.7,79.7,63.2,,62,
193,Terry Glenn,DAL,WR,30,6,6,0,1,0,0,0,1,-3,-3.00,0,38,24,400,16.67,2,0,,2,,,52,75.7,78.7,63.7,,78,
194,Mike Alstott,TAM,FB,31,14,11,0,0,0,0,0,67,230,3.43,2,41,29,202,6.97,0,2,2,2,,,51,80.2,88.2,65.7,,63,
195,Najeh Davenport,GNB,RB,25,11,1,0,0,0,0,0,71,359,5.06,2,4,4,33,8.25,0,1,,2,,,51,55.2,58.2,53.2,,64,
196,Ricky Proehl,CAR,WR,36,16,3,0,1,0,0,0,1,9,9.00,0,70,34,497,14.62,0,0,,0,,,51,84.6,87.6,67.6,,79,
197,Mark Campbell,BUF,TE,29,12,12,0,0,0,0,0,0,0,,0,30,17,203,11.94,5,1,,5,,,50,67.3,70.3,58.8,,20,
198,Ken Dorsey,SFO,QB,23,8,7,123,226,1231,6,9,5,7,1.40,0,0,0,0,,0,5,3,0,,,50,49.9,64.9,58.9,,35,
199,Quentin Griffin,DEN,RB,23,6,4,0,0,0,0,0,85,311,3.66,2,14,10,68,6.80,1,3,3,3,,,50,59.9,65.9,54.9,,65,
200,Kris Mangum,CAR,TE,31,15,10,0,0,0,0,0,0,0,,0,58,34,323,9.50,3,0,,3,,,50,84.3,87.3,67.3,,21,
201,Freddie Mitchell,PHI,WR,26,16,9,0,0,0,0,0,0,0,,0,45,22,377,17.14,2,0,,2,,,50,71.7,74.7,60.7,,81,
202,Dez White,ATL,WR,25,16,15,0,0,0,0,0,3,14,4.67,0,56,30,370,12.33,2,0,,2,,,50,80.4,83.4,65.4,,80,
203,Eli Manning,NYG,QB,23,9,7,95,197,1043,6,9,6,35,5.83,0,0,0,0,,0,3,1,0,,,49,49.2,62.2,58.2,,36,
204,Aaron Shea,CLE,TE,28,15,8,0,0,0,0,0,0,0,,0,48,26,252,9.69,4,0,,4,,,49,75.2,78.2,62.2,,22,
205,Derick Armstrong,HOU,WR,25,14,1,0,0,0,0,0,0,0,,0,39,29,415,14.31,1,0,,1,,,48,76.5,79.5,62.0,,83,
206,Todd Heap,BAL,TE,24,6,5,0,0,0,0,0,0,0,,0,44,27,303,11.22,3,0,,3,,,48,75.3,78.3,61.8,,23,
207,Darius Watts,DEN,WR,23,16,2,0,0,0,0,0,5,33,6.60,0,53,31,385,12.42,1,1,,1,,,48,78.8,81.8,63.3,,82,
208,Kelly Holcomb,CLE,QB,31,4,2,59,87,737,7,5,3,-2,-0.67,0,0,0,0,,0,1,,0,,,47,47.3,55.3,52.3,,37,
209,Wayne Chrebet,NYJ,WR,31,16,1,0,0,0,0,0,0,0,,0,54,31,397,12.81,1,0,,1,,,46,76.7,79.7,61.2,,84,
210,Keenan McCardell,SDG,WR,34,7,6,0,1,0,0,0,1,3,3.00,0,58,31,393,12.68,1,0,,1,,,46,76.6,79.6,61.1,,85,
211,Boo Williams,NOR,TE,25,16,7,0,0,0,0,0,0,0,,0,75,33,362,10.97,2,2,1,2,,,46,79.2,83.2,62.7,,24,
212,Robert Ferguson,GNB,WR,25,13,5,0,0,0,0,0,0,0,,0,49,24,367,15.29,1,1,,1,1,,45,68.7,71.7,56.7,,88,
213,DeShaun Foster,CAR,RB,24,4,3,0,0,0,0,0,59,255,4.32,2,10,9,76,8.44,0,0,,2,,,45,54.1,57.1,49.6,,66,
214,Ike Hilliard,NYG,WR,28,16,15,0,0,0,0,0,3,34,11.33,0,81,49,437,8.92,0,3,1,0,,,45,94.1,98.1,69.6,,87,
215,Joe Jurevicius,TAM,WR,30,10,3,0,0,0,0,0,0,0,,0,37,27,333,12.33,2,0,,2,,,45,72.3,75.3,58.8,,86,
216,Chad Lewis,PHI,TE,33,15,9,0,0,0,0,0,0,0,,0,46,29,267,9.21,3,0,,3,,,45,73.7,76.7,59.2,,25,
217,Stephen Alexander,DET,TE,29,16,15,0,0,0,0,0,0,0,,0,76,41,377,9.20,1,0,,1,,,44,84.7,87.7,64.2,,26,
218,Zack Crockett,OAK,FB,32,16,9,0,0,0,0,0,48,232,4.83,2,20,16,87,5.44,0,0,,2,,,44,59.9,62.9,51.9,,67,
219,Randy Hymes,BAL,WR,25,14,7,0,1,0,0,0,0,0,,0,48,26,323,12.42,2,0,,2,,,44,70.3,73.3,57.3,,89,
220,Doug Jolley,OAK,TE,25,16,13,0,0,0,0,0,0,0,,0,48,27,313,11.59,2,0,,2,,,43,70.3,73.3,56.8,,27,
221,Kassim Osgood,SDG,WR,24,16,7,0,0,0,0,0,0,0,,0,33,15,308,20.53,2,0,,2,,,43,57.8,60.8,50.3,,90,
222,Troy Hambrick,ARI,RB,28,10,0,0,0,0,0,0,63,283,4.49,1,5,4,16,4.00,1,0,,2,,,42,45.9,48.9,43.9,,68,
223,William Henderson*+,GNB,FB,33,16,8,0,0,0,0,0,0,0,,0,40,34,239,7.03,3,0,,3,,,42,75.9,78.9,58.9,,69,
224,Matt Schobel,CIN,TE,26,16,1,0,0,0,0,0,0,0,,0,33,21,201,9.57,4,1,1,4,,,42,63.1,67.1,52.6,,28,
225,Kelly Campbell,MIN,WR,24,16,3,0,0,0,0,0,3,4,1.33,0,32,19,364,19.16,1,1,1,1,,,41,59.8,63.8,50.3,,93,
226,Kevin Johnson,BAL,WR,28,16,5,0,0,0,0,0,1,0,0.00,0,61,35,373,10.66,1,1,1,1,,,41,76.3,80.3,58.8,,91,
227,Jerald Sowell,NYJ,FB,30,16,16,0,0,0,0,0,2,28,14.00,0,59,45,342,7.60,1,1,1,1,,,41,86.0,90.0,63.5,,70,
228,Ernest Wilford,JAX,WR,25,15,3,0,0,0,0,0,0,0,,0,35,19,271,14.26,2,0,,2,1,,41,60.1,63.1,50.6,,92,
229,Chris Baker,NYJ,TE,25,16,0,0,0,0,0,0,0,0,,0,29,18,182,10.11,4,1,1,4,,,40,58.2,62.2,49.2,,29,
230,Chad Hutchinson,CHI,QB,27,5,5,92,161,903,4,3,6,14,2.33,0,0,0,0,,0,8,4,0,,,40,39.5,49.5,42.5,,38,
231,Travis Taylor,BAL,WR,26,10,9,0,0,0,0,0,0,0,,0,80,34,421,12.38,0,1,1,0,,,40,74.1,78.1,57.1,,94,
232,Dante Hall,KAN,WR,26,16,6,0,0,0,0,0,8,56,7.00,0,38,25,230,9.20,0,1,1,2,,,39,63.6,67.6,51.1,,95,
233,Jon Kitna,CIN,QB,32,4,3,61,104,623,5,4,10,42,4.20,0,0,0,0,,0,2,1,0,,,39,39.1,47.1,43.1,,39,
234,Ben Troupe,TEN,TE,22,14,7,0,0,0,0,0,0,0,,0,54,33,329,9.97,1,2,,1,,,39,71.9,74.9,55.4,,30,
235,Dominic Rhodes,IND,RB,25,16,0,0,0,0,0,0,53,254,4.79,1,4,2,24,12.00,0,2,1,2,,,38,39.8,43.8,38.8,,71,
236,Bernard Berrian,CHI,WR,24,16,1,0,0,0,0,0,8,28,3.50,0,44,15,225,15.00,2,0,,2,,,37,52.3,55.3,44.8,,96,
237,Travis Henry,BUF,RB,26,10,5,0,0,0,0,0,94,326,3.47,0,14,10,45,4.50,0,0,,0,,,37,47.1,50.1,42.1,,73,
238,Erron Kinney,TEN,TE,27,9,9,0,0,0,0,0,0,0,,0,30,25,193,7.72,3,0,,3,,,37,62.3,65.3,49.8,,31,
239,Artose Pinner,DET,RB,26,9,2,0,0,0,0,0,57,174,3.05,2,11,11,72,6.55,0,0,,2,,,37,47.6,50.6,42.1,,74,
240,Kenny Watson,CIN,RB,26,16,0,0,0,0,0,0,26,161,6.19,0,35,25,171,6.84,1,2,1,1,,,37,62.2,69.2,49.7,,72,
241,Alvis Whitted,OAK,WR,30,11,5,0,0,0,0,0,0,0,,0,25,9,227,25.22,2,0,,2,1,,37,45.7,48.7,41.2,,97,
242,Brian Finneran,ATL,WR,28,12,1,0,0,0,0,0,0,0,,0,33,23,258,11.22,2,1,1,2,,,36,58.8,62.8,47.3,,98,
243,Greg Jones,JAX,RB,23,16,3,0,0,0,0,0,62,162,2.61,3,10,3,13,4.33,0,1,,3,,,36,38.5,41.5,37.0,,76,
244,LaBrandon Toefield,JAX,RB,24,14,0,0,0,0,0,0,51,169,3.31,0,34,28,151,5.39,1,1,1,1,,,36,64.0,71.0,50.0,,75,
245,David Garrard,JAX,QB,26,4,2,38,72,374,2,1,12,76,6.33,1,0,0,0,,0,0,,1,,,35,34.6,38.6,35.6,,41,
246,Brad Johnson,TAM,QB,36,4,4,65,103,674,3,3,5,23,4.60,0,0,0,0,,0,2,1,0,,1,35,35.3,42.3,38.3,,40,
247,Reggie Williams,JAX,WR,21,16,15,0,0,0,0,0,0,0,,0,54,27,268,9.93,1,1,1,1,2,,35,61.8,65.8,48.3,,99,
248,Eddie Berlin,TEN,WR,26,16,1,0,0,0,0,0,0,0,,0,41,20,278,13.90,1,0,,1,,,34,53.8,56.8,43.8,,101,
249,Patrick Pass,NWE,FB,27,14,4,0,0,0,0,0,39,141,3.62,0,32,28,215,7.68,0,1,1,0,,,34,61.6,68.6,47.6,,77,
250,Tai Streets,DET,WR,27,13,12,0,0,0,0,0,0,0,,0,56,28,260,9.29,1,0,,1,1,,34,62.0,65.0,48.0,,100,
251,J.R. Redmond,OAK,RB,27,16,1,0,0,0,0,0,21,119,5.67,0,50,32,233,7.28,0,2,1,0,,,33,65.2,72.2,49.2,,78,
252,Quincy Carter,NYJ,QB,27,7,3,35,58,498,3,1,12,20,1.67,0,0,0,0,,0,2,,0,,,32,31.9,35.9,32.9,,42,
253,Antonio Chatman,GNB,WR,25,16,2,0,0,0,0,0,4,36,9.00,0,45,22,246,11.18,1,3,1,1,,,32,54.2,58.2,43.2,,102,
254,Desmond Clark,CHI,TE,27,15,13,0,0,0,0,0,0,0,,0,49,24,282,11.75,1,1,1,1,,,32,56.2,60.2,44.2,,32,
255,Christian Fauria,NWE,TE,33,16,10,0,0,0,0,0,0,0,,0,20,16,195,12.19,2,0,,2,,,32,47.5,50.5,39.5,,33,
256,Troy Fleming,TEN,RB,24,16,0,0,0,0,0,0,7,40,5.71,0,28,19,164,8.63,2,0,,2,,,32,51.4,54.4,41.9,,79,
257,Rich Gannon,OAK,QB,39,3,3,41,68,524,3,2,5,26,5.20,0,0,0,0,,0,3,1,0,,1,32,31.6,37.6,33.6,,43,
258,Justin Griffith,ATL,FB,24,12,11,0,0,0,0,0,9,39,4.33,0,31,22,220,10.00,1,0,,1,,,32,53.9,56.9,42.9,,80,
259,Doug Flutie,SDG,QB,42,2,1,20,38,276,1,0,5,39,7.80,2,0,0,0,,0,0,,2,,,31,30.9,30.9,30.9,,44,
260,Luke McCown,CLE,QB,23,5,4,48,98,608,4,7,6,25,4.17,0,0,0,0,,0,2,,0,,1,31,30.8,40.8,37.8,,45,
261,Robert Royal,WAS,TE,25,14,9,0,0,0,0,0,0,0,,0,15,8,70,8.75,4,0,,4,,,31,39.0,39.0,35.0,,34,
262,Shaud Williams,BUF,RB,24,4,0,0,0,0,0,0,42,167,3.98,2,3,3,19,6.33,0,1,,2,,,31,33.6,36.6,32.1,,81,
263,Jason Dunn,KAN,TE,31,16,0,0,0,0,0,0,0,0,,0,25,17,120,7.06,3,0,,3,,,30,47.0,50.0,38.5,,35,
264,Bethel Johnson,NWE,WR,25,13,1,0,0,0,0,0,2,8,4.00,0,21,10,174,17.40,1,2,,2,,,30,40.2,43.2,35.2,,103,
265,Itula Mili,SEA,TE,31,15,4,0,0,0,0,0,0,0,,0,36,23,240,10.43,1,0,,1,,,30,53.0,56.0,41.5,,36,
266,Rex Grossman,CHI,QB,24,3,3,47,84,607,1,3,11,48,4.36,1,0,0,0,,0,2,2,1,,,29,29.1,37.1,32.1,,47,
267,Craig Nall,GNB,QB,25,5,0,23,33,314,4,0,3,7,2.33,0,0,0,0,,0,1,,0,,,29,29.3,32.3,29.3,,46,
268,Patrick Hape,DEN,TE,30,16,5,0,0,0,0,0,0,0,,0,17,8,35,4.38,4,0,,4,,,28,35.5,35.5,31.5,,38,
269,Cory Schlesinger,DET,FB,32,13,11,0,0,0,0,0,4,7,1.75,0,16,10,91,9.10,3,0,,3,,,28,37.8,37.8,32.8,,83,
270,Josh Scobey,ARI,RB,25,12,0,0,0,0,0,0,27,89,3.30,0,21,18,191,10.61,0,1,,0,,,28,46.0,49.0,37.0,,82,
271,Reggie Swinton,DET,WR,29,13,1,0,0,0,0,0,1,3,3.00,0,31,18,213,11.83,1,1,,1,,,28,45.6,48.6,36.6,,104,
272,Daniel Wilcox,BAL,TE,27,16,5,0,0,0,0,0,0,0,,0,35,25,219,8.76,1,1,,1,,,28,52.9,55.9,40.4,,37,
273,Tim Carter,NYG,WR,25,5,0,0,0,0,0,0,2,23,11.50,0,18,12,182,15.17,1,0,,1,,,27,38.5,41.5,32.5,,106,
274,Mike Cloud,NYG,RB,29,10,0,0,0,0,0,0,21,90,4.29,3,1,1,3,3.00,0,0,,3,,,27,28.3,28.3,27.8,,84,
275,Bryan Gilmore,MIA,WR,26,16,2,0,0,0,0,0,0,0,,0,34,15,206,13.73,1,1,,1,,,27,41.6,44.6,34.1,,105,
276,Jerame Tuman,PIT,TE,28,16,16,0,0,0,0,0,0,0,,0,20,9,89,9.89,3,0,,3,,,27,35.9,35.9,31.4,,39,
277,Dwayne Carswell,DEN,TE,32,15,14,0,0,0,0,0,0,0,,0,36,22,198,9.00,1,0,,1,,,26,47.8,50.8,36.8,,41,
278,Mike Seidman,CAR,TE,23,16,6,0,0,0,0,0,0,0,,0,13,13,123,9.46,2,0,,2,1,,26,39.3,42.3,32.8,,40,
279,Ron Dayne,NYG,RB,26,14,2,0,0,0,0,0,52,179,3.44,1,4,1,7,7.00,0,0,,1,,,25,25.6,28.6,25.1,,85,
280,Eddie Drummond*+,DET,WR,24,11,1,0,0,0,0,0,1,9,9.00,0,0,0,0,,0,0,,4,,,25,24.9,24.9,24.9,,108,
281,Chris Horn,KAN,WR,27,14,0,0,0,0,0,0,1,12,12.00,0,27,15,178,11.87,1,0,,1,,,25,40.0,43.0,32.5,,107,
282,Kyle Johnson,DEN,FB,26,14,3,0,0,0,0,0,0,0,,0,13,9,126,14.00,2,0,,2,,,25,33.6,36.6,29.1,,86,
283,Teyo Johnson,OAK,TE,23,8,1,0,0,0,0,0,0,0,,0,13,9,131,14.56,2,0,,2,,,25,34.1,37.1,29.6,,42,
284,Courtney Anderson,OAK,TE,24,9,4,0,0,0,0,0,0,0,,0,21,13,175,13.46,1,0,,1,,,24,36.5,39.5,30.0,,44,
285,Tim Brown,TAM,WR,38,15,4,0,0,0,0,0,0,0,,0,31,24,200,8.33,1,2,1,1,,,24,48.0,52.0,36.0,,109,
286,Billy Miller,HOU,TE,27,16,8,0,0,0,0,0,0,0,,0,33,17,178,10.47,1,1,,1,,,24,40.8,43.8,32.3,,43,
287,James Mungro,IND,RB,26,15,0,0,0,0,0,0,5,19,3.80,0,8,7,36,5.14,3,0,,3,,,24,30.5,30.5,27.0,,87,
288,Justin Fargas,OAK,RB,24,12,0,0,0,0,0,0,35,126,3.60,1,14,11,68,6.18,0,1,1,1,,,23,34.4,38.4,28.9,,88,
289,Brandon Manumaleuna,STL,TE,24,16,16,0,0,0,0,0,0,0,,0,21,15,174,11.60,1,0,,1,,,23,38.4,41.4,30.9,,45,
290,Shad Meier,TEN,TE,26,14,6,0,0,0,0,0,0,0,,0,36,25,127,5.08,2,1,1,2,,,23,47.7,51.7,35.2,,46,
291,Tim Euhus,BUF,TE,24,12,5,0,0,0,0,0,0,0,,0,15,11,98,8.91,2,0,,2,,,22,32.8,32.8,27.3,,47,
292,Bill Schroeder,TAM,WR,33,7,2,0,0,0,0,0,0,0,,0,11,7,156,22.29,1,2,,1,,,22,28.6,31.6,25.1,,111,
293,David Tyree,NYG,WR,24,16,1,0,0,0,0,0,0,0,,0,17,10,155,15.50,1,0,,1,,,22,31.5,34.5,26.5,,112,
294,Rashaun Woods,SFO,WR,24,14,0,0,0,0,0,0,0,0,,0,23,7,160,22.86,1,0,,1,,,22,29.0,32.0,25.5,,110,
295,Arnaz Battle,SFO,WR,24,14,0,0,0,0,0,0,2,5,2.50,0,15,8,143,17.88,0,2,,1,,,21,28.8,31.8,24.8,,114,
296,Jonathan Carter,NYJ,WR,25,13,1,0,0,0,0,0,0,0,,0,16,10,173,17.30,1,2,1,1,,,21,31.3,35.3,26.3,,113,
297,Tim Dwight,SDG,WR,29,12,0,0,0,0,0,0,4,54,13.50,0,5,2,31,15.50,1,0,,2,,,21,22.5,22.5,21.5,,115,
298,Terry Jones,BAL,TE,25,15,11,0,0,0,0,0,0,0,,0,29,20,152,7.60,1,0,,1,,,21,41.2,44.2,31.2,,48,
299,Craig Krenzel,CHI,QB,23,6,5,59,127,718,3,6,18,41,2.28,0,0,0,0,,0,8,7,0,1,,21,20.8,36.8,26.8,,48,
300,Reno Mahe,PHI,RB,24,11,0,0,0,0,0,0,23,91,3.96,0,16,14,123,8.79,0,1,,0,,,21,35.4,38.4,28.4,,89,
301,Mack Strong,SEA,FB,33,16,13,0,0,0,0,0,36,131,3.64,0,31,21,99,4.71,0,2,1,0,,,21,42.0,46.0,31.5,,90,
302,Patrick Crayton,DAL,WR,25,8,0,0,1,0,0,1,0,0,,0,15,12,162,13.50,1,0,,1,,,20,32.2,36.2,27.2,,117,
303,Cortez Hankton,JAX,WR,23,12,0,0,0,0,0,0,0,0,,0,9,9,81,9.00,2,0,,2,,,20,29.1,29.1,24.6,,118,
304,Terry Jackson,SFO,FB,28,16,0,0,0,0,0,0,26,101,3.88,0,30,21,139,6.62,0,3,2,0,,,20,41.0,49.0,30.5,,92,
305,Greg Lewis,PHI,WR,24,16,3,0,0,0,0,0,4,16,4.00,0,37,17,183,10.76,0,0,,0,,,20,36.9,39.9,28.4,,119,
306,Samie Parker,KAN,WR,23,4,0,0,0,0,0,0,0,0,,0,13,9,137,15.22,1,0,,1,,,20,28.7,31.7,24.2,,120,
307,Willie Parker,PIT,RB,24,8,0,0,0,0,0,0,32,186,5.81,0,7,3,16,5.33,0,0,,0,,,20,23.2,26.2,21.7,,91,
308,Jay Riemersma,PIT,TE,31,11,2,0,0,0,0,0,0,0,,0,9,7,82,11.71,2,0,,2,,,20,27.2,27.2,23.7,,49,
309,James Thrash,WAS,WR,29,16,3,0,0,0,0,0,0,0,,0,21,17,203,11.94,0,0,,0,,,20,37.3,40.3,28.8,,116,
310,Taylor Jacobs,WAS,WR,23,15,4,0,0,0,0,0,1,-6,-6.00,0,27,16,178,11.13,0,0,,0,1,,19,35.2,38.2,27.2,,121,
311,Charles Lee,TAM,WR,27,7,3,0,0,0,0,0,0,0,,0,22,15,207,13.80,0,1,1,0,,,19,33.7,37.7,26.2,,122,
312,ReShard Lee,DAL,RB,24,14,0,0,0,0,0,0,27,128,4.74,1,3,1,4,4.00,0,0,,1,,,19,20.2,23.2,19.7,,93,
313,Bryan Johnson,CHI,FB,26,12,6,0,0,0,0,0,0,0,,0,25,14,55,3.93,2,0,,2,,,18,31.5,31.5,24.5,,95,
314,Maurice Morris,SEA,RB,25,15,0,0,0,0,0,0,30,126,4.20,0,20,9,53,5.89,0,0,,0,,,18,26.9,29.9,22.4,,94,
315,Justin Peelle,SDG,TE,25,16,4,0,0,0,0,0,0,0,,0,20,10,84,8.40,2,1,1,2,,,18,28.4,29.4,23.4,,50,
316,Jonathan Quinn,CHI,QB,29,5,3,51,98,413,1,3,3,35,11.67,0,0,0,0,,0,2,,0,,,18,18.0,24.0,21.0,,49,
317,Charlie Garner,TAM,RB,32,3,3,0,0,0,0,0,30,111,3.70,0,14,9,62,6.89,0,0,,0,,,17,26.3,29.3,21.8,,97,
318,Brian Jones,JAX,TE,23,16,0,0,0,0,0,0,0,0,,0,19,6,87,14.50,1,0,,1,1,,17,22.7,22.7,19.7,,51,
319,Shaun King,ARI,QB,27,3,2,47,84,502,1,4,9,30,3.33,0,0,0,0,,0,4,1,0,,,17,17.1,25.1,21.1,,50,
320,Michael Lewis,NOR,WR,33,14,1,0,0,0,0,0,0,0,,0,13,8,127,15.88,0,1,1,1,,,17,24.7,28.7,20.7,,123,
321,Jason McKie,CHI,FB,24,15,2,0,0,0,0,0,1,1,1.00,0,17,13,70,5.38,2,1,1,2,,,17,30.1,31.1,23.6,,98,
322,Tony Richardson*,KAN,FB,33,16,16,0,0,0,0,0,12,56,4.67,0,26,19,118,6.21,0,0,,0,,,17,36.4,39.4,26.9,,96,
323,Anthony Becht,NYJ,TE,27,16,16,0,0,0,0,0,0,0,,0,28,13,100,7.69,1,0,,1,,,16,29.0,32.0,22.5,,54,
324,Kyle Brady,JAX,TE,32,11,8,0,0,0,0,0,0,0,,0,23,14,103,7.36,1,0,,1,,,16,30.3,33.3,23.3,,52,
325,Ernie Conwell,NOR,TE,32,16,11,0,0,0,0,0,0,0,,0,19,10,102,10.20,1,0,,1,,,16,26.2,29.2,21.2,,53,
326,Justin Gage,CHI,WR,23,16,2,0,0,0,0,0,0,0,,0,28,12,156,13.00,0,0,,0,,,16,27.6,30.6,21.6,,126,
327,Garrison Hearst,DEN,RB,33,7,0,0,0,0,0,0,20,81,4.05,1,3,2,20,10.00,0,0,,1,,,16,18.1,18.1,17.1,,99,
328,Will Heller,TAM,TE,23,10,2,0,0,0,0,0,0,0,,0,16,12,98,8.17,1,1,,1,,,16,27.8,27.8,21.8,,55,
329,Dane Looker,STL,WR,28,14,0,0,0,0,0,0,0,0,,0,26,13,183,14.08,0,1,1,0,,,16,29.3,33.3,22.8,,124,
330,Jerheme Urban,SEA,WR,24,7,1,0,0,0,0,0,0,0,,0,9,6,117,19.50,1,1,1,1,,,16,21.7,25.7,18.7,,125,
331,Todd Yoder,JAX,TE,26,16,8,0,0,0,0,0,0,0,,0,22,14,157,11.21,0,0,,0,,,16,29.7,32.7,22.7,,56,
332,Sam Aiken,BUF,WR,24,16,0,0,0,0,0,0,0,0,,0,18,11,148,13.45,0,0,,0,,,15,25.8,28.8,20.3,,129,
333,Darnell Dinkins,BAL,TE,27,10,4,0,0,0,0,0,0,0,,0,15,9,94,10.44,1,0,,1,,,15,24.4,24.4,19.9,,57,
334,Chris Fuamatu-Ma'afala,JAX,RB,27,7,1,0,0,0,0,0,20,69,3.45,1,6,4,19,4.75,0,0,,1,,,15,18.8,18.8,16.8,,101,
335,Frisman Jackson,CLE,WR,25,10,0,0,1,0,0,0,1,4,4.00,0,19,13,168,12.92,0,1,1,0,,,15,28.2,32.2,21.7,,127,
336,Rob Konrad,MIA,FB,28,10,1,0,0,0,0,0,2,18,9.00,0,18,8,69,8.63,1,0,,1,,,15,22.7,22.7,18.7,,102,
337,Dan Kreider,PIT,FB,27,16,9,0,0,0,0,0,4,18,4.50,0,14,10,75,7.50,1,0,,1,,,15,25.3,25.3,20.3,,100,
338,Josh Reed,BUF,WR,24,12,1,0,0,0,0,0,2,-1,-0.50,0,36,16,153,9.56,0,0,,0,,,15,31.2,34.2,23.2,,128,
339,Jim Sorgi,IND,QB,24,4,0,17,29,175,2,0,8,-5,-0.63,0,0,0,0,,0,1,,0,,,15,14.5,14.5,14.5,,51,
340,Terrance Copper,DAL,WR,22,10,0,0,0,0,0,0,1,-1,-1.00,0,20,7,84,12.00,1,0,,1,,,14,21.3,21.3,17.8,,130,
341,Joey Goodspeed,STL,FB,26,16,5,0,0,0,0,0,3,6,2.00,1,16,11,71,6.45,0,1,,1,,,14,24.7,24.7,19.2,,105,
342,Lamar Gordon,MIA,RB,24,3,2,0,0,0,0,0,35,64,1.83,0,19,13,74,5.69,0,1,,0,,,14,26.8,26.8,20.3,,104,
343,Ryan Krause,SDG,TE,23,2,1,0,0,0,0,0,0,0,,0,6,5,81,16.20,1,0,,1,,,14,19.1,19.1,16.6,,58,
344,Lee Mays,PIT,WR,26,16,1,0,0,0,0,0,0,0,,0,23,9,137,15.22,0,0,,0,,,14,22.7,25.7,18.2,,134,
345,B.J. Sams,BAL,RB,24,16,1,0,0,0,0,0,4,19,4.75,1,5,1,2,2.00,0,5,3,3,,,14,15.1,18.1,14.6,,103,
346,Jamaar Taylor,NYG,WR,23,8,0,0,0,0,0,0,1,-8,-8.00,0,17,6,146,24.33,0,0,,0,,,14,19.8,22.8,16.8,,133,
347,Peter Warrick,CIN,WR,27,4,1,0,0,0,0,0,2,14,7.00,0,17,11,127,11.55,0,0,,0,,,14,25.1,28.1,19.6,,132,
348,Karl Williams,ARI,WR,33,15,2,0,0,0,0,0,2,6,3.00,0,30,18,197,10.94,0,4,3,0,,,14,32.3,38.3,23.3,,131,
349,Darian Barnes,DAL,FB,24,16,10,0,0,0,0,0,5,10,2.00,0,14,10,59,5.90,1,1,,1,,,13,22.9,22.9,17.9,,107,
350,Trent Dilfer,SEA,QB,32,5,2,25,58,333,1,3,10,14,1.40,0,0,0,0,,0,1,,0,,,13,12.7,18.7,15.7,,52,
351,Leonard Henry,MIA,RB,26,6,2,0,0,0,0,0,46,141,3.07,0,6,3,12,4.00,0,1,1,0,,,13,16.3,20.3,14.8,,106,
352,David Kircus,DET,WR,24,7,0,0,0,0,0,0,0,0,,0,10,3,68,22.67,1,0,,1,,,13,15.8,15.8,14.3,,135,
353,Donald Lee,MIA,TE,24,16,10,0,0,0,0,0,0,0,,0,20,13,110,8.46,1,2,2,1,,,13,26.0,31.0,19.5,,60,
354,Dustin Lyman,CHI,TE,28,16,10,0,0,0,0,0,0,0,,0,23,11,73,6.64,1,0,,1,,,13,24.3,24.3,18.8,,59,
355,Jamal Robertson,2TM,RB,27,12,0,0,0,0,0,0,16,71,4.44,1,5,4,34,8.50,0,3,2,1,,,13,16.5,18.5,14.5,,108,
356,George Wrighster,JAX,TE,23,4,3,0,0,0,0,0,0,0,,0,14,10,69,6.90,1,1,,1,,,13,22.9,22.9,17.9,,61,
357,Jerricho Cotchery,NYJ,WR,22,12,0,0,0,0,0,0,0,0,,0,11,6,60,10.00,0,0,,1,,,12,18.0,18.0,15.0,,137,
358,Stephen Davis,CAR,RB,30,2,2,0,0,0,0,0,24,92,3.83,0,2,2,32,16.00,0,0,,0,,,12,14.4,14.4,13.4,,109,
359,Jim Finn,NYG,FB,28,16,9,0,0,0,0,0,3,7,2.33,0,18,15,112,7.47,0,0,,0,,,12,26.9,29.9,19.4,,111,
360,Robert Holcombe,TEN,FB,29,16,8,0,0,0,0,0,17,62,3.65,0,21,11,60,5.45,0,0,,0,,,12,23.2,23.2,17.7,,110,
361,Michael Jenkins,ATL,WR,22,16,0,0,0,0,0,0,1,2,2.00,0,20,7,119,17.00,0,0,,0,,,12,19.1,22.1,15.6,,136,
362,Lorenzo Neal,SDG,FB,34,16,10,0,0,0,0,0,16,53,3.31,0,19,13,66,5.08,0,1,,0,,,12,24.9,24.9,18.4,,112,
363,Jeff Robinson,DAL,TE,34,16,0,0,0,0,0,0,0,0,,0,2,2,2,1.00,2,0,,2,,,12,14.2,14.2,13.2,,62,
364,Matt Schaub,ATL,QB,23,6,1,33,70,330,1,4,8,26,3.25,0,0,0,0,,0,1,,0,,,12,11.8,18.8,15.8,,54,
365,Chris Simms,TAM,QB,24,5,2,42,73,467,1,3,7,14,2.00,0,0,0,0,,0,3,3,0,,,12,12.1,21.1,15.1,,53,
366,Aaron Walker,SFO,TE,24,16,4,0,0,0,0,0,0,0,,0,15,10,115,11.50,0,0,,0,,,12,21.5,24.5,16.5,,63,
367,Malcom Floyd,SDG,WR,23,4,2,0,0,0,0,0,0,0,,0,9,3,49,16.33,1,0,,1,,,11,13.9,13.9,12.4,,138,
368,Ryan Hannam,SEA,TE,24,16,0,0,0,0,0,0,0,0,,0,12,8,110,13.75,0,0,,0,,,11,19.0,22.0,15.0,,64,
369,Arlen Harris,STL,RB,24,14,1,0,0,0,0,0,20,63,3.15,0,4,4,44,11.00,0,1,,0,,,11,14.7,14.7,12.7,,114,
370,Tommy Maddox,PIT,QB,33,4,3,30,60,329,1,2,9,15,1.67,0,0,0,0,,0,3,2,0,,,11,10.7,17.7,12.7,,55,
371,Daimon Shelton,BUF,FB,32,16,12,0,0,0,0,0,0,0,,0,24,17,114,6.71,0,0,,0,,,11,28.4,31.4,19.9,,113,
372,Tony Stewart,CIN,TE,25,16,9,0,0,0,0,0,0,0,,0,25,10,48,4.80,1,0,,1,,,11,20.8,20.8,15.8,,65,
373,Jameel Cook,TAM,FB,25,12,5,0,0,0,0,0,0,0,,0,12,7,44,6.29,1,0,,1,,,10,17.4,17.4,13.9,,115,
374,Casey Fitzsimmons,DET,TE,24,16,2,0,0,0,0,0,0,0,,0,14,10,103,10.30,0,0,,0,,,10,20.3,23.3,15.3,,66,
375,Jeremi Johnson,CIN,FB,24,16,6,0,0,0,0,0,3,5,1.67,0,18,16,53,3.31,1,1,1,1,,,10,25.8,26.8,17.8,,117,
376,Marcellus Rivers,NYG,TE,26,16,3,0,0,0,0,0,0,0,,0,12,5,36,7.20,1,1,,1,,,10,14.6,14.6,12.1,,67,
377,Wes Welker,2TM,WR,23,15,0,0,0,0,0,0,0,0,,0,0,0,0,,0,4,,1,,,10,10.0,10.0,10.0,,139,
378,Jamel White,2TM,RB,27,13,0,0,0,0,0,0,27,82,3.04,0,9,6,21,3.50,0,0,,0,,,10,16.3,16.3,13.3,,116,
379,Chris Chandler,STL,QB,39,5,2,35,62,463,2,8,1,2,2.00,0,0,0,0,,0,1,1,0,,,9,8.7,20.7,16.7,,56,
380,Tony Hollings,HOU,RB,23,7,0,0,0,0,0,0,11,47,4.27,0,7,5,46,9.20,0,0,,0,,,9,14.3,14.3,11.8,,118,
381,Reggie Kelly,CIN,TE,27,16,15,0,0,0,0,0,0,0,,0,21,15,85,5.67,0,0,,0,,,9,23.5,23.5,16.0,,70,
382,David Martin,GNB,TE,25,9,3,0,0,0,0,0,0,0,,0,12,5,88,17.60,0,0,,0,,,9,13.8,13.8,11.3,,69,
383,Sage Rosenfels,MIA,QB,26,3,1,16,39,264,1,3,0,0,,0,0,0,0,,0,2,,0,,,9,8.6,11.6,11.6,,57,
384,Visanthe Shiancoe,NYG,TE,24,16,7,0,0,0,0,0,0,0,,0,7,5,25,5.00,1,0,,1,,,9,13.5,13.5,11.0,,71,
385,Jonathan Smith,BUF,WR,23,9,0,0,0,0,0,0,2,11,5.50,0,6,3,21,7.00,0,0,,1,,,9,12.2,12.2,10.7,,140,
386,Michael Turner,SDG,RB,22,14,1,0,0,0,0,0,20,104,5.20,0,5,4,8,2.00,0,1,1,0,,,9,13.2,17.2,11.2,,119,
387,Jed Weaver,NWE,TE,28,10,1,0,0,0,0,0,0,0,,0,12,8,93,11.63,0,0,,0,,,9,17.3,17.3,13.3,,68,
388,Rabih Abdullah,NWE,RB,29,9,0,0,0,0,0,0,13,13,1.00,1,2,1,9,9.00,0,0,,1,,,8,9.2,9.2,8.7,,122,
389,Brandon Bennett,CAR,RB,31,8,0,0,0,0,0,0,6,17,2.83,1,0,0,0,,0,0,,1,,,8,7.7,7.7,7.7,,125,
390,Sean Berton,MIN,TE,25,14,7,0,0,0,0,0,0,0,,0,11,9,78,8.67,0,0,,0,,,8,16.8,16.8,12.3,,72,
391,Joe Burns,BUF,RB,25,16,0,0,0,0,0,0,20,73,3.65,0,3,1,7,7.00,0,0,,0,,,8,9.0,9.0,8.5,,123,
392,James Jackson,2TM,RB,28,5,0,0,0,0,0,0,12,81,6.75,0,8,6,22,3.67,0,1,1,0,,,8,14.3,15.3,11.3,,120,
393,Jamie Martin,STL,QB,34,1,0,16,30,188,0,0,0,0,,0,0,0,0,,0,1,,0,,,8,7.5,7.5,7.5,,58,
394,Josh Parry,PHI,FB,26,13,4,0,0,0,0,0,0,0,,0,18,9,75,8.33,0,0,,0,,,8,16.5,16.5,12.0,,126,
395,Stanley Pritchett,ATL,FB,31,14,2,0,0,0,0,0,6,18,3.00,0,4,2,5,2.50,1,0,,1,,,8,10.3,10.3,9.3,,121,
396,Alan Ricard,BAL,FB,27,16,9,0,0,0,0,0,10,36,3.60,0,14,11,39,3.55,0,0,,0,,,8,18.5,18.5,13.0,,127,
397,Musa Smith,BAL,RB,22,9,0,0,0,0,0,0,12,48,4.00,0,4,2,31,15.50,0,0,,0,,,8,9.9,9.9,8.9,,124,
398,John Stone,OAK,WR,25,4,0,0,0,0,0,0,0,0,,0,5,3,80,26.67,0,0,,0,,,8,11.0,11.0,9.5,,141,
399,Steve Bush,SFO,TE,30,5,2,0,0,0,0,0,0,0,,0,3,2,10,5.00,1,0,,1,,,7,9.0,9.0,8.0,,73,
400,Larry Croom,ARI,RB,23,6,1,0,0,0,0,0,29,76,2.62,0,5,2,16,8.00,0,2,1,0,,,7,9.2,10.2,8.2,,129,
401,Earnest Graham,TAM,RB,24,9,0,0,0,0,0,0,13,73,5.62,0,1,0,0,,0,0,,0,,,7,7.3,7.3,7.3,,128,
402,Nate Jackson,DEN,WR,25,12,0,0,0,0,0,0,0,0,,0,11,8,73,9.13,0,0,,0,,,7,15.3,15.3,11.3,,142,
403,Darnerien McCants,WAS,WR,28,5,1,0,0,0,0,0,0,0,,0,9,5,71,14.20,0,0,,0,,,7,12.1,12.1,9.6,,143,
404,Eric McCoo,PHI,RB,24,1,0,0,0,0,0,0,9,54,6.00,0,5,2,15,7.50,0,0,,0,,,7,8.9,8.9,7.9,,130,
405,Richard Owens,MIN,TE,24,7,2,0,0,0,0,0,0,0,,0,8,8,69,8.63,0,0,,0,,,7,14.9,14.9,10.9,,74,
406,Nate Poole,ARI,WR,27,9,1,0,0,0,0,0,0,0,,0,11,5,70,14.00,0,0,,0,,,7,12.0,12.0,9.5,,144,
407,Kevin Walter,CIN,WR,23,16,0,0,0,0,0,0,0,0,,0,9,8,67,8.38,0,0,,0,,,7,14.7,14.7,10.7,,145,
408,Fred Beasley,SFO,FB,30,14,10,0,0,0,0,0,9,15,1.67,0,25,10,44,4.40,0,0,,0,,,6,15.9,15.9,10.9,,131,
409,Jeff Blake,PHI,QB,34,3,0,18,37,126,1,1,3,6,2.00,0,0,0,0,,0,1,1,0,,,6,5.6,7.6,6.6,,59,
410,Cam Cleeland,STL,TE,29,16,9,0,0,0,0,0,1,-2,-2.00,0,12,7,57,8.14,0,0,,0,,,6,12.5,12.5,9.0,,77,
411,Lamont Hall,NOR,TE,30,16,2,0,0,0,0,0,0,0,,0,1,1,4,4.00,1,0,,1,,,6,7.4,7.4,6.9,,75,
412,Ryan Neufeld,BUF,TE,29,16,5,0,0,0,0,0,0,0,,0,14,6,61,10.17,0,0,,0,,,6,12.1,12.1,9.1,,76,
413,Bobby Shaw,2TM,WR,29,11,0,0,0,0,0,0,1,1,1.00,0,13,5,59,11.80,0,0,,0,,,6,11.0,11.0,8.5,,146,
414,Steve Smith Sr.,CAR,WR,25,1,1,0,1,0,0,0,0,0,,0,9,6,60,10.00,0,0,,0,,,6,12.0,12.0,9.0,,147,
415,Thomas Tapeh,PHI,FB,24,7,0,0,0,0,0,0,12,42,3.50,0,2,2,15,7.50,0,0,,0,,,6,7.7,7.7,6.7,,132,
416,Mark Bruener,HOU,TE,32,16,11,0,0,0,0,0,0,0,,0,10,4,52,13.00,0,0,,0,,,5,9.2,9.2,7.2,,78,
417,Rickey Dudley,TAM,TE,32,3,0,0,0,0,0,0,0,0,,0,4,3,48,16.00,0,0,,0,,,5,7.8,7.8,6.3,,82,
418,Eric Edwards,ARI,TE,24,16,1,0,0,0,0,0,0,0,,0,8,5,51,10.20,0,0,,0,,,5,10.1,10.1,7.6,,80,
419,Brock Forsey,MIA,RB,24,7,0,0,0,0,0,0,19,53,2.79,0,0,0,0,,0,1,,0,,,5,5.3,5.3,5.3,,134,
420,Joey Harris,CAR,RB,24,4,0,0,0,0,0,0,15,53,3.53,0,3,0,0,,0,0,,0,,,5,5.3,5.3,5.3,,135,
421,Mike Karney,NOR,FB,23,16,8,0,0,0,0,0,3,7,2.33,0,7,6,42,7.00,0,0,,0,,,5,10.9,10.9,7.9,,137,
422,Andre King,CLE,WR,31,9,2,0,0,0,0,0,0,0,,0,8,5,49,9.80,0,0,,0,,,5,9.9,9.9,7.4,,149,
423,Shane Matthews,BUF,QB,34,3,0,2,3,44,1,0,2,-3,-1.50,0,0,0,0,,0,0,,0,,,5,5.5,5.5,5.5,,60,
424,Fred McAfee,NOR,RB,36,11,0,0,0,0,0,0,2,54,27.00,0,0,0,0,,0,0,,0,,,5,5.4,5.4,5.4,,133,
425,Adrian Peterson,CHI,RB,25,14,0,0,0,0,0,0,6,19,3.17,0,2,2,30,15.00,0,0,,0,,,5,6.9,6.9,5.9,,138,
426,Andrew Pinnock,SDG,FB,24,1,0,0,0,0,0,0,9,26,2.89,0,3,3,26,8.67,0,1,,0,,,5,8.2,8.2,6.7,,136,
427,Walter Rasby,2TM,TE,32,10,8,0,0,0,0,0,0,0,,0,9,5,52,10.40,0,0,,0,,,5,10.2,10.2,7.7,,79,
428,Philip Rivers,SDG,QB,23,2,0,5,8,33,1,0,4,-5,-1.25,0,0,0,0,,0,1,,0,,,5,4.8,4.8,4.8,,61,
429,Terrelle Smith,CLE,FB,26,16,9,0,0,0,0,0,4,9,2.25,0,12,7,39,5.57,0,0,,0,,,5,11.8,11.8,8.3,,139,
430,Scottie Vines,DET,WR,25,6,1,0,0,0,0,0,0,0,,0,9,3,51,17.00,0,0,,0,,,5,8.1,8.1,6.6,,148,
431,Kellen Winslow,CLE,TE,21,2,2,0,0,0,0,0,0,0,,0,11,5,50,10.00,0,0,,0,,,5,10.0,10.0,7.5,,81,
432,Richard Alston,CLE,WR,24,9,0,0,0,0,0,0,0,0,,0,1,0,0,,0,2,1,1,,,4,4.0,5.0,4.0,,150,
433,B.J. Askew,NYJ,FB,24,16,0,0,0,0,0,0,6,23,3.83,0,2,2,12,6.00,0,0,,0,,,4,5.5,5.5,4.5,,147,
434,Dwayne Blakley,ATL,TE,25,15,1,0,0,0,0,0,0,0,,0,8,4,35,8.75,0,0,,0,,,4,7.5,7.5,5.5,,84,
435,Marc Edwards,JAX,FB,30,13,5,0,0,0,0,0,0,0,,0,8,7,41,5.86,0,0,,0,,,4,11.1,11.1,7.6,,142,
436,Drew Henson,DAL,QB,24,7,1,10,18,78,1,1,1,7,7.00,0,0,0,0,,0,1,1,0,,,4,3.8,5.8,4.8,,62,
437,Willie Ponder,NYG,WR,24,11,0,0,0,0,0,0,1,-4,-4.00,0,1,1,3,3.00,0,1,1,1,,,4,4.9,5.9,4.4,,151,
438,Jon Ritchie,PHI,FB,30,3,0,0,0,0,0,0,0,0,,0,6,4,36,9.00,0,0,,0,,,4,7.6,7.6,5.6,,145,
439,Cliff Russell,CIN,WR,25,13,1,0,0,0,0,0,3,15,5.00,0,3,1,21,21.00,0,2,,0,,,4,4.6,4.6,4.1,,152,
440,Ian Smart,TAM,RB,24,4,0,0,0,0,0,0,2,26,13.00,0,2,2,10,5.00,0,0,,0,,,4,5.6,5.6,4.6,,146,
441,Ben Steele,GNB,TE,26,15,0,0,0,0,0,0,0,0,,0,11,4,42,10.50,0,0,,0,,,4,8.2,8.2,6.2,,83,
442,Stephen Trejo,2TM,FB,27,13,2,0,0,0,0,0,0,0,,0,4,4,37,9.25,0,0,,0,,,4,7.7,7.7,5.7,,144,
443,Derrick Ward,NYG,RB,24,5,0,0,0,0,0,0,0,0,,0,0,0,0,,0,1,1,1,,,4,4.0,5.0,4.0,,143,
444,Nick Luchey,GNB,FB,27,16,6,0,0,0,0,0,10,24,2.40,0,4,2,20,10.00,0,0,,0,,,4,6.4,6.4,5.4,,140,
445,Walter Williams,GNB,RB,27,1,0,0,0,0,0,0,6,42,7.00,0,0,0,0,,0,0,,0,,,4,4.2,4.2,4.2,,141,
446,Brooks Bollinger,NYJ,QB,25,1,0,5,9,60,0,0,1,2,2.00,0,0,0,0,,0,0,,0,,,3,2.6,2.6,2.6,,65,
447,Cedric Cobbs,NWE,RB,23,3,0,0,0,0,0,0,22,50,2.27,0,0,0,0,,0,1,1,0,,,3,3.0,4.0,3.0,,151,
448,Adimchinobe Echemandu,CLE,RB,24,4,0,0,1,0,0,0,8,25,3.13,0,4,3,25,8.33,0,1,1,0,,,3,6.0,7.0,4.5,,152,
449,Heath Evans,SEA,FB,26,15,0,0,0,0,0,0,7,20,2.86,0,4,2,12,6.00,0,1,,0,,,3,5.2,5.2,4.2,,149,
450,Michael Gaines,CAR,TE,24,15,6,0,0,0,0,0,0,0,,0,14,4,34,8.50,0,0,,0,,,3,7.4,7.4,5.4,,85,
451,Karl Hankton,CAR,WR,34,15,0,0,0,0,0,0,0,0,,0,2,2,25,12.50,0,0,,0,,,3,4.5,4.5,3.5,,155,
452,Ben Hartsock,IND,TE,24,16,3,0,0,0,0,0,0,0,,0,8,4,33,8.25,0,0,,0,,,3,7.3,7.3,5.3,,86,
453,Doug Johnson,TEN,QB,27,2,0,6,12,68,0,0,2,-2,-1.00,0,0,0,0,,0,0,,0,,,3,2.5,2.5,2.5,,66,
454,Brian Kozlowski,WAS,TE,34,11,1,0,0,0,0,0,0,0,,0,6,3,29,9.67,0,0,,0,,,3,5.9,5.9,4.4,,87,
455,Triandos Luke,DEN,WR,23,10,0,0,0,0,0,0,0,0,,0,8,6,52,8.67,0,2,1,0,,,3,9.2,10.2,6.2,,153,
456,Mike McMahon,DET,QB,25,1,0,11,15,77,0,1,2,18,9.00,0,0,0,0,,0,1,,0,,,3,2.9,3.9,3.9,,63,
457,John Navarre,ARI,QB,24,1,1,18,40,168,1,4,0,0,,0,0,0,0,,0,0,,0,,,3,2.7,6.7,6.7,,64,
458,Chris Perry,CIN,RB,23,2,0,0,0,0,0,0,2,1,0.50,0,3,3,33,11.00,0,0,,0,,,3,6.4,6.4,4.9,,148,
459,Cecil Sapp,DEN,RB,26,5,0,0,0,0,0,0,4,32,8.00,0,2,0,0,,0,0,,0,,,3,3.2,3.2,3.2,,150,
460,Rod Trafford,BUF,TE,26,4,0,0,0,0,0,0,0,0,,0,4,3,25,8.33,0,0,,0,,,3,5.5,5.5,4.0,,88,
461,Randal Williams,DAL,WR,26,2,2,0,0,0,0,0,1,13,13.00,0,3,1,14,14.00,0,0,,0,,,3,3.7,3.7,3.2,,154,
462,Dan Campbell,DAL,TE,28,3,2,0,0,0,0,0,0,0,,0,2,2,16,8.00,0,0,,0,,,2,3.6,3.6,2.6,,93,
463,Kerry Carter,SEA,RB,24,16,0,0,0,0,0,0,4,15,3.75,0,0,0,0,,0,0,,0,,,2,1.5,1.5,1.5,,157,
464,Ki-Jana Carter,NOR,RB,31,2,0,0,0,0,0,0,10,17,1.70,0,1,0,0,,0,0,,0,,,2,1.7,1.7,1.7,,155,
465,Todd Collins,KAN,QB,33,2,0,1,5,42,0,0,1,4,4.00,0,0,0,0,,0,0,,0,,,2,2.1,2.1,2.1,,68,
466,Matt Cushing,PIT,TE,29,16,0,0,0,0,0,0,0,0,,0,1,1,17,17.00,0,0,,0,,,2,2.7,2.7,2.2,,91,
467,Rohan Davey,NWE,QB,26,4,0,4,10,54,0,0,4,-1,-0.25,0,0,0,0,,0,0,,0,,,2,2.1,2.1,2.1,,69,
468,Koy Detmer,PHI,QB,31,16,1,18,40,207,0,2,10,-7,-0.70,0,0,0,0,,0,1,1,0,,,2,1.6,4.6,3.6,,70,
469,Lorenzo Diamond,ARI,TE,25,5,4,0,0,0,0,0,0,0,,0,5,3,19,6.33,0,0,,0,,,2,4.9,4.9,3.4,,90,
470,Talman Gardner,NOR,WR,24,11,1,0,0,0,0,0,0,0,,0,1,1,23,23.00,0,0,,0,,,2,3.3,3.3,2.8,,157,
471,Vick King,MIA,RB,24,2,0,0,0,0,0,0,4,9,2.25,0,2,1,8,8.00,0,0,,0,,,2,2.7,2.7,2.2,,156,
472,Jim Kleinsasser,MIN,TE,27,1,1,0,0,0,0,0,0,0,,0,3,2,24,12.00,0,0,,0,,,2,4.4,4.4,3.4,,89,
473,Nate Lawrie,TAM,TE,23,2,0,0,0,0,0,0,0,0,,0,1,1,15,15.00,0,0,,0,,,2,2.5,2.5,2.0,,95,
474,George Layne,2TM,RB,26,4,0,0,0,0,0,0,1,12,12.00,0,1,1,6,6.00,0,0,,0,,,2,2.8,2.8,2.3,,154,
475,Jamar Martin,MIA,FB,24,9,1,0,0,0,0,0,0,0,,0,8,4,15,3.75,0,1,,0,,,2,5.5,5.5,3.5,,158,
476,Jason McAddley,TEN,WR,25,11,1,0,0,0,0,0,0,0,,0,4,2,38,19.00,0,1,1,0,,,2,3.8,4.8,2.8,,159,
477,Fred McCrary,ATL,FB,32,3,2,0,0,0,0,0,0,0,,0,4,2,23,11.50,0,0,,0,,,2,4.3,4.3,3.3,,153,
478,Billy McMullen,PHI,WR,24,8,0,0,0,0,0,0,0,0,,0,17,3,24,8.00,0,0,,0,,,2,5.4,5.4,3.9,,156,
479,Dave Moore,TAM,TE,35,15,0,0,0,0,0,0,0,0,,0,4,3,17,5.67,0,0,,0,,,2,4.7,4.7,3.2,,92,
480,Johnnie Morant,OAK,WR,23,4,0,0,0,0,0,0,0,0,,0,2,1,20,20.00,0,0,,0,,,2,3.0,3.0,2.5,,158,
481,Doug Pederson,GNB,QB,36,4,0,11,23,120,0,2,2,15,7.50,0,0,0,0,,0,0,,0,,,2,2.3,4.3,4.3,,67,
482,Dedric Ward,DAL,WR,30,8,0,0,0,0,0,0,1,11,11.00,0,8,1,5,5.00,0,1,,0,,,2,2.6,2.6,2.1,,160,
483,Ben Watson,NWE,TE,24,1,1,0,0,0,0,0,0,0,,0,4,2,16,8.00,0,0,,0,,,2,3.6,3.6,2.6,,94,
484,David Allen,JAX,RB,26,5,0,0,0,0,0,0,0,0,,0,2,2,8,4.00,0,2,,0,,,1,2.8,2.8,1.8,,165,
485,Bill Baber,TAM,TE,25,1,0,0,0,0,0,0,0,0,,0,1,1,7,7.00,0,0,,0,,,1,1.7,1.7,1.2,,99,
486,Tony Banks,HOU,QB,31,5,0,1,2,16,0,0,0,0,,0,0,0,0,,0,0,,0,,,1,0.6,0.6,0.6,,71,
487,Alex Bannister,SEA,WR,25,7,1,0,0,0,0,0,0,0,,0,3,2,10,5.00,0,0,,0,,,1,3.0,3.0,2.0,,164,
488,Ronald Bellamy,MIA,WR,23,2,0,0,0,0,0,0,0,0,,0,2,1,8,8.00,0,0,,0,,,1,1.8,1.8,1.3,,165,
489,Tyrone Calico,TEN,WR,24,1,0,0,0,0,0,0,0,0,,0,4,2,13,6.50,0,0,,0,,,1,3.3,3.3,2.3,,161,
490,Greg Comella,TAM,FB,29,7,0,0,0,0,0,0,0,0,,0,1,1,12,12.00,0,0,,0,,,1,2.2,2.2,1.7,,160,
491,Devard Darling,BAL,WR,22,3,0,0,0,0,0,0,0,0,,0,2,2,5,2.50,0,1,,0,,,1,2.5,2.5,1.5,,168,
492,John Gilmore,CHI,TE,25,16,1,0,0,0,0,0,0,0,,0,1,1,11,11.00,0,0,,0,,,1,2.1,2.1,1.6,,96,
493,Chris Hetherington,OAK,FB,32,5,2,0,0,0,0,0,1,4,4.00,0,4,3,28,9.33,0,1,1,0,,,1,4.2,5.2,2.7,,161,
494,Aaron Moorehead,IND,WR,24,7,0,0,0,0,0,0,0,0,,0,3,1,7,7.00,0,0,,0,,,1,1.7,1.7,1.2,,167,
495,Sean Morey,PIT,WR,28,16,0,0,0,0,0,0,0,0,,0,3,1,8,8.00,0,0,,0,,,1,1.8,1.8,1.3,,166,
496,Chad Mustard,CLE,TE,27,7,0,0,0,0,0,0,0,0,,0,1,1,9,9.00,0,0,,0,,,1,1.9,1.9,1.4,,97,
497,Larry Ned,MIN,RB,26,16,0,0,0,0,0,0,0,0,,0,1,1,9,9.00,0,0,,0,,,1,1.9,1.9,1.4,,163,
498,Reggie Newhouse,ARI,WR,23,3,0,0,0,0,0,0,0,0,,0,2,1,5,5.00,0,0,,0,,,1,1.5,1.5,1.0,,169,
499,Moran Norris,HOU,FB,26,12,4,0,0,0,0,0,1,0,0.00,0,5,4,13,3.25,0,0,,0,,,1,5.3,5.3,3.3,,159,
500,Brad Pyatt,IND,WR,24,8,0,0,0,0,0,0,0,0,,0,2,2,12,6.00,0,0,,0,,,1,3.2,3.2,2.2,,162,
501,Rod Smart,CAR,RB,27,3,0,0,0,0,0,0,3,4,1.33,0,1,1,5,5.00,0,1,,0,,,1,1.9,1.9,1.4,,164,
502,Andrae Thurman,GNB,WR,24,2,0,0,0,0,0,0,0,0,,0,2,2,12,6.00,0,0,,0,,,1,3.2,3.2,2.2,,163,
503,Troy Walters,IND,WR,28,5,0,0,0,0,0,0,0,0,,0,1,1,5,5.00,0,0,,0,,,1,1.5,1.5,1.0,,170,
504,Kevin Ware,SFO,TE,24,5,0,0,0,0,0,0,0,0,,0,1,1,9,9.00,0,0,,0,,,1,1.9,1.9,1.4,,98,
505,Jason Wright,ATL,RB,22,2,0,0,0,0,0,0,3,10,3.33,0,1,0,0,,0,0,,0,,,1,1.0,1.0,1.0,,162,
506,Charlie Adams,DEN,WR,25,4,0,0,0,0,0,0,0,0,,0,0,0,0,,0,0,,0,,,,,,,,173,
507,Damien Anderson,ARI,RB,25,4,0,0,0,0,0,0,1,2,2.00,0,0,0,0,,0,0,,0,,,,0.2,0.2,0.2,,169,
508,Eugene Baker,CAR,WR,28,3,0,0,0,0,0,0,0,0,,0,0,0,0,,0,0,,0,,,,,,,,174,
509,Jarrod Baxter,HOU,FB,25,8,1,0,0,0,0,0,2,1,0.50,0,2,1,3,3.00,0,0,,0,,,,1.4,1.4,0.9,,166,
510,Eric Beverly,ATL,TE,30,13,3,0,0,0,0,0,0,0,,0,0,0,0,,0,,,0,,,,,,,,101,
511,Todd Bouman,NOR,QB,32,16,0,0,0,0,0,0,0,0,,0,,0,0,,0,,,0,,,,,,,,74,
512,Antonio Brown,WAS,WR,26,3,0,0,0,0,0,0,0,0,,0,0,0,0,,0,1,,0,,,,,,,,175,
513,Dante Brown,PIT,RB,24,1,0,0,0,0,0,0,1,2,2.00,0,0,0,0,,0,0,,0,,,,0.2,0.2,0.2,,170,
514,Dee Brown,CLE,RB,26,5,0,0,0,0,0,0,0,0,,0,0,0,0,,0,0,,0,,,,,,,,173,
515,Rock Cartwright,WAS,FB,25,13,0,0,0,0,0,0,2,0,0.00,0,1,0,0,,0,0,,0,,,,,,,,174,
516,Aveion Cason,STL,RB,25,3,0,0,0,0,0,0,0,0,,0,0,0,0,,0,0,,0,,,,,,,,175,
517,Gabe Crecion,SFO,TE,27,1,0,0,0,0,0,0,0,0,,0,,0,0,,0,,,0,,,,,,,,102,
518,Carey Davis,2TM,RB,23,1,0,0,0,0,0,0,0,0,,0,,0,0,,0,0,,0,,,,,,,,176,
519,Carey Davis,ATL,RB,23,0,0,0,0,0,0,0,0,0,,0,,0,0,,0,0,,0,,,,,,,,176,
520,Dahrran Diedrick,WAS,RB,25,1,0,0,0,0,0,0,0,0,,0,,0,0,,0,,,0,,,,,,,,177,
521,Chris Doering,PIT,WR,31,3,0,0,0,0,0,0,0,0,,0,0,0,0,,0,,,0,,,,,,,,176,
522,Jeff Dugan,MIN,TE,23,14,2,0,0,0,0,0,0,0,,0,0,0,0,,0,,,0,,,,,,,,103,
523,Doug Easlick,MIA,RB,24,3,1,0,0,0,0,0,0,0,,0,2,1,4,4.00,0,0,,0,,,,1.4,1.4,0.9,,167,
524,Omar Easy,KAN,FB,27,15,0,0,0,0,0,0,4,1,0.25,0,0,0,0,,0,0,,0,,,,0.1,0.1,0.1,,171,
525,Jimmy Farris,ATL,WR,26,14,0,0,0,0,0,0,0,0,,0,0,0,0,,0,,,0,,,,,,,,177,
526,P.J. Fleck,SFO,WR,24,1,0,0,0,0,0,0,0,0,,0,1,0,0,,0,0,,0,,,,,,,,178,
527,Gus Frerotte,MIN,QB,33,16,0,0,1,0,0,0,0,0,,0,0,0,0,,0,0,,0,,,,,,,,75,
528,Drew Haddad,BUF,WR,26,1,0,0,0,0,0,0,0,0,,0,,0,0,,0,,,0,,,,,,,,179,
529,Derrick Hamilton,SFO,WR,23,2,0,0,0,0,0,0,0,0,,0,1,0,0,,0,,,0,,,,,,,,180,
530,Lawrence Hamilton,ARI,WR,24,1,0,0,0,0,0,0,0,0,,0,,0,0,,0,,,0,,,,,,,,181,
531,Keith Heinrich,CLE,TE,25,7,0,0,0,0,0,0,0,0,,0,1,1,1,1.00,0,0,,0,,,,1.1,1.1,0.6,,100,
532,Devery Henderson,NOR,WR,22,1,0,0,0,0,0,0,0,0,,0,,0,0,,0,,,0,,,,,,,,182,
533,Darrell Hill,TEN,WR,25,14,0,0,0,0,0,0,0,0,,0,1,0,0,,0,0,,0,,,,,,,,183,
534,Keenan Howry,MIN,WR,23,3,0,0,0,0,0,0,0,0,,0,1,1,3,3.00,0,0,,0,,,,1.3,1.3,0.8,,172,
535,Jasen Isom,SFO,FB,27,5,1,0,0,0,0,0,1,0,0.00,0,2,1,1,1.00,0,0,,0,,,,1.1,1.1,0.6,,172,
536,Daryl Jones,CHI,WR,25,2,0,0,0,0,0,0,0,0,,0,2,0,0,,0,0,,0,,,,,,,,184,
537,Mark Jones,NYG,WR,24,14,0,0,0,0,0,0,0,0,,0,0,0,0,,0,1,,0,,,,,,,,185,
538,Kevin Kasper,NWE,WR,27,8,0,0,0,0,0,0,0,0,,0,3,0,0,,0,0,,0,,,,,,,,186,
539,Kelvin Kight,GNB,WR,22,1,0,0,0,0,0,0,0,0,,0,,0,0,,0,,,0,,,,,,,,187,
540,Matt Kranchick,PIT,TE,25,2,0,0,0,0,0,0,0,0,,0,,0,0,,0,,,0,,,,,,,,104,
541,Vonta Leach,GNB,FB,23,6,0,0,0,0,0,0,0,0,,0,0,0,0,,0,,,0,,,,,,,,178,
542,Jermaine Lewis,JAX,WR,30,9,0,0,0,0,0,0,0,0,,0,1,1,4,4.00,0,1,,0,,,,1.4,1.4,0.9,,171,
543,Tom Lopienski,IND,FB,25,2,0,0,0,0,0,0,0,0,,0,,0,0,,0,,,0,,,,,,,,179,
544,James Lynch,CIN,RB,22,1,0,0,0,0,0,0,0,0,,0,,0,0,,0,,,0,,,,,,,,180,
545,Dusty McGrorty,STL,RB,23,1,0,0,0,0,0,0,0,0,,0,,0,0,,0,,,0,,,,,,,,181,
546,Sean McHugh,GNB,FB,22,1,0,0,0,0,0,0,0,0,,0,,0,0,,0,,,0,,,,,,,,182,
547,Harold Morrow,BAL,FB,31,15,0,0,0,0,0,0,0,0,,0,0,0,0,,0,,,0,,,,,,,,183,
548,Chad Morton,WAS,RB,27,6,0,0,0,0,0,0,0,0,,0,0,0,0,,0,0,,0,,,,,,,,184,
549,J.J. Moses,HOU,WR,25,15,0,0,0,0,0,0,0,0,,0,0,0,0,,0,1,,0,,,,,,,,188,
550,Ovie Mughelli,BAL,FB,24,3,0,0,0,0,0,0,0,0,,0,0,0,0,,0,,,0,,,,,,,,185,
551,Frank Murphy,TAM,WR,27,3,0,0,0,0,0,0,0,0,,0,0,0,0,,0,0,,0,,,,,,,,189,
552,Matt Murphy,HOU,TE,24,11,1,0,0,0,0,0,0,0,,0,1,0,0,,0,,,0,,,,,,,,105,
553,Ben Nelson,MIN,WR,25,3,0,0,0,0,0,0,0,0,,0,0,0,0,,0,,,0,,,,,,,,190,
554,J.T. O'Sullivan,GNB,QB,25,1,0,0,0,0,0,0,2,-2,-1.00,0,0,0,0,,0,0,,0,,,,-0.2,-0.2,-0.2,,77,
555,John Owens,CHI,TE,24,2,0,0,0,0,0,0,0,0,,0,0,0,0,,0,,,0,,,,,,,,106,
556,Rodney Peete,CAR,QB,38,1,0,1,1,3,0,0,1,-1,-1.00,0,0,0,0,,0,0,,0,,,,,,,,72,
557,Brett Pierce,DAL,TE,23,8,1,0,0,0,0,0,0,0,,0,0,0,0,,0,0,,0,,,,,,,,107,
558,Lousaka Polite,DAL,RB,23,1,0,0,0,0,0,0,0,0,,0,1,1,4,4.00,0,0,,0,,,,1.4,1.4,0.9,,168,
559,Derek Rackley,ATL,TE,27,16,0,0,0,0,0,0,0,0,,0,,0,0,,0,,,0,,,,,,,,108,
560,Charles Rogers,DET,WR,23,1,1,0,0,0,0,0,0,0,,0,1,0,0,,0,,,0,,,,,,,,191,
561,Tony Romo,DAL,QB,24,6,0,0,0,0,0,0,0,0,,0,,0,0,,0,,,0,,,,,,,,73,
562,Micah Ross,2TM,WR,28,17,0,0,0,0,0,0,0,0,,0,1,0,0,,0,,,0,,,,,,,,192,
563,Sean Ryan,DAL,TE,24,6,1,0,0,0,0,0,0,0,,0,0,0,0,,0,0,,0,,,,,,,,109,
564,P.K. Sam,NWE,WR,21,2,0,0,0,0,0,0,0,0,,0,,0,0,,0,,,0,,,,,,,,193,
565,Darnell Sanders,ATL,TE,25,2,0,0,0,0,0,0,0,0,,0,,0,0,,0,,,0,,,,,,,,110,
566,Jake Schifino,TEN,WR,25,1,0,0,0,0,0,0,0,0,,0,1,0,0,,0,,,0,,,,,,,,194,
567,Richard Smith,KAN,WR,24,4,0,0,0,0,0,0,0,0,,0,2,0,0,,0,,,0,,,,,,,,195,
568,Brian St. Pierre,PIT,QB,25,1,0,0,1,0,0,0,4,-3,-0.75,0,0,0,0,,0,0,,0,,,,-0.3,-0.3,-0.3,,78,
569,Matt Stanley,SFO,FB,25,1,0,0,0,0,0,0,0,0,,0,0,0,0,,0,,,0,,,,,,,,186,
570,Kendrick Starling,HOU,WR,25,8,0,0,0,0,0,0,0,0,,0,0,0,0,,0,0,,0,,,,,,,,196,
571,Kordell Stewart,BAL,QB,32,2,0,0,0,0,0,0,1,-1,-1.00,0,0,0,0,,0,0,,0,,,,-0.1,-0.1,-0.1,,76,
572,Jeff Thomason,PHI,TE,35,0,0,0,0,0,0,0,0,0,,0,,0,0,,0,0,,0,,,,,,,,111,
573,Taco Wallace,SEA,WR,23,2,0,0,0,0,0,0,0,0,,0,,0,0,,0,,,0,,,,,,,,197,
574,Jason Willis,SEA,WR,23,1,0,0,0,0,0,0,0,0,,0,0,0,0,,0,,,0,,,,,,,,198,
575,Roland Williams,OAK,TE,29,12,3,0,0,0,0,0,0,0,,0,1,0,0,,0,,,0,,,,,,,,112,
576,Kris Wilson,KAN,FB,23,3,0,0,0,0,0,0,0,0,,0,,0,0,,0,,,0,,,,,,,,187,
577,Mark Wilson,WAS,TE,24,2,1,0,0,0,0,0,0,0,,0,,0,0,,0,,,0,,,,,,,,113,
578,J.P. Losman,BUF,QB,23,4,0,3,5,32,0,1,2,15,7.50,0,0,0,0,,0,1,1,0,,,-1,-1.2,0.8,-0.2,,79,
579,Cody Pickett,SFO,QB,24,1,0,4,10,55,0,2,1,5,5.00,0,0,0,0,,0,1,,0,,,-1,-1.3,0.7,0.7,,80,
580,Mike Sellers,WAS,RB,29,16,1,0,0,0,0,0,0,0,,0,2,1,14,14.00,0,0,1,0,,,-1,0.4,1.4,-0.1,,188,
581,Carlos Francis,OAK,WR,23,5,0,0,0,0,0,0,0,0,,0,0,0,0,,0,1,1,0,,,-2,-2.0,-1.0,-2.0,,199,
582,Jamall Broussard,CAR,WR,23,8,0,0,0,0,0,0,0,0,,0,0,0,0,,0,2,2,0,,,-4,-4.0,-2.0,-4.0,,200,
